全身を使って相手に猛アタックする。,10まんばりき
強い電撃を相手に浴びせて攻撃する。まひ状態にすることがある。,10まんボルト
両腕を回し相手に当てる。相手の能力変化に関係なくダメージを与える。,DDラリアット
高いところからりんごを落としてダメージを与える。相手の防御を下げる。,Gのちから
灼熱の炎を額から発生させて捨て身の体当たり。防御特防素早さがさがる。,Vジェネレート
強くて重いこぶしをふるってダメージを与える。自分の素早さがさがる。,アームハンマー
硬いしっぽで相手をたたきつけて攻撃する。相手の防御をさげることがある。,アイアンテール
鋼のような硬い頭で攻撃する。相手をひるませることがある。,アイアンヘッド
フィールドを破壊しながら攻撃。なんらかのフィールド状態に変わっていないと技は失敗する。,アイアンローラー
強くて重いこぶしをふるってダメージを与える。自分の素早さがさがる。,アイスハンマー
5ターンのあいだ転がり続けて相手を攻撃する。技が当たるたび威力があがる。,アイスボール
美しくも激しい青い炎で相手を包みこんで攻撃する。やけど状態にすることがある。,あおいほのお
目にも留まらぬものすごい速さで相手につっこむ。必ず先制攻撃できる。,アクアジェット
激しくあれくるう荒波のように大きなしっぽをふって相手を攻撃する。,アクアテール
水の力で相手にぶつかって攻撃する。相手の防御をさげることがある。,アクアブレイク
自分の体の周りを水でつくったベールでおおう。毎ターンHPを回復する。,アクアリング
周りの空間ごと相手を引き裂きダメージを与える。急所に当たりやすい。,あくうせつだん
素早いスピードで相手にぶつかって攻撃する。必ず先制攻撃できる。,アクセルロック
体から悪意にみちた恐ろしいオーラを発する。相手をひるませることがある。,あくのはどう
大きなあくびで眠気を誘う。次のターンに相手を眠り状態にする。,あくび
恐ろしい顔でキスをせまる。相手を眠り状態にする。,あくまのキッス
眠り状態の相手に悪夢をみせて毎ターン少しずつHPを減らしていく。,あくむ
軽やかに相手を攻撃する。自分が道具を持っていないとき大きなダメージを与える。,アクロバット
自分のHPを回復する。天気によって回復の量が変化する。,あさのひざし
ギアを入れることによって特性プラスとマイナスの攻撃と特攻があがる。,アシストギア
蓄積されたパワーで相手を攻撃する。自分の能力があがっているほど威力があがる。,アシストパワー
相手をとかす液体を吐きだして攻撃する。相手の特防をがくっとさげる。,アシッドボム
たくさんの小さな霊体を相手にぶつけて攻撃する。,アストラルビット
相手よりあとに攻撃する。そのかわり自分の攻撃は必ず命中する。,あてみなげ
1ターン目に潜り2ターン目で相手を攻撃する。どうくつからの脱出もできる。,あなをほる
2-3ターンの間暴れまくって相手を攻撃する。暴れたあとは混乱する。,あばれる
すごいアフロの頭で相手に突進して攻撃する。自分も少しダメージを受ける。,アフロブレイク
香りで相手の回避率をがくっとさげる。草むらなどで使うとポケモンがよってくる。,あまいかおり
かわいくみつめて油断を誘い相手の攻撃をがくっとさげる。,あまえる
5ターンの間雨を降らせてみずタイプの威力をあげる。ほのおタイプの威力はさがる。,あまごい
みのけもよだつ突風で相手を攻撃する。自分のすべての能力があがることがある。,あやしいかぜ
怪しい光を相手にみせてまどわせる。相手を混乱させる。,あやしいひかり
5ターンのあいだあられを降らしてこおりタイプでないポケモン全員にダメージを与える。,あられ
心地好いやすらぐ香りをかがせて味方全員の状態異常を回復する。,アロマセラピー
不思議なアロマの香りによって味方の特防をあげる。,アロマミスト
無数の泡を相手に吹きかけて攻撃する。相手の素早さをさげることがある。,あわ
アンカーを相手にからませて攻撃する。相手は逃げることができなくなる。,アンカーショット
相手にアンコールした技を3回続けて出させる。,アンコール
あくの型を極めし強烈な一撃。必ず急所に当たる。,あんこくきょうだ
カマやツメなどで相手を切りつけて攻撃する。細い木も切ることができる。,いあいぎり
胃液を相手の体に吐きつける。ついた胃液は相手の特性の効果を消す。,いえき
相手の力を利用する。戦っている相手の攻撃が高いほどダメージがあがる。,イカサマ
技をだしたときに攻撃を受けると怒りの力で攻撃があがる。,いかり
イライラさせる粉を自分にふりかけて注意をひく。相手の攻撃をすべて自分にむける。,いかりのこな
鋭い前歯で激しくかみついて攻撃する。相手のHPは半分になる。,いかりのまえば
異次元ホールで突然相手の真横に現れ攻撃する。まもるやみきりも無視できる。,いじげんホール
たくさんの腕をつかってまもるやみきりを無視した連続攻撃自分の防御が下がる。,いじげんラッシュ
自分のHPと相手のHPをあわせてそれを自分と相手でなかよくわける。,いたみわけ
相手にいちゃもんをつけて同じ技を2回連続でだせなくする。,いちゃもん
両目からサイコパワーを撃ちだして攻撃する。こおり状態にすることがある。,いてつくしせん
口から吹きだした糸をまきつけて相手の素早さをさげる。,いとをはく
いにしえのうたを相手に聞かせて心にうったえて攻撃する。眠り状態にすることがある。,いにしえのうた
命懸けで相手を攻撃する。自分はひんしになるが相手にHP分のダメージを与える。,いのちがけ
不思議な水をふりまいて自分と場にいる味方のHPを回復する。,いのちのしずく
相手を怒らせて混乱させる。怒りで相手の攻撃はぐーんとあがってしまう。,いばる
自分が寝ているときに雑音をだして攻撃する。相手をひるませることがある。,いびき
心地好い鈴の音色を聞かせて味方全員の状態異常を回復する。,いやしのすず
自分はひんしになるが控えからでてくるポケモンの状態異常とHPを回復する。,いやしのねがい
いやしのはどうをとばして最大HPの半分相手のHPを回復する。,いやしのはどう
おもわず耳をふさぎたくなるいやなおとをだして相手の防御をがくっとさげる。,いやなおと
小さな岩を持ちあげて相手に投げつけて攻撃する。,いわおとし
パンチで攻撃する。相手の防御をさげることがある。,いわくだき
大きな岩を激しくぶつけて攻撃する。相手をひるませることがある。,いわなだれ
守りを捨てて相手のふところに突撃する。自分の防御と特防がさがる。,インファイト
使ったときの天気によって技のタイプと威力が変わる。,ウェザーボール
激しく渦をまく水の中に4-5ターンのあいだ相手を閉じこめて攻撃する。,うずしお
ないたふりをして涙を流す。こまらせることで相手の特防をがくっとさげる。,うそなき
心地好いきれいな歌声を聞かせて相手を眠り状態にする。,うたう
歌うことによってたくさんのバルーンを放出する。技を受けるとやけどが治る。,うたかたのアリア
石や弾を投げて飛んでいる相手を攻撃する。相手はうち落とされて地面に落ちる。,うちおとす
硬い胴体を相手にたたきつけて攻撃する。自分もかなりダメージを受ける。,ウッドハンマー
つのを突き刺して相手の養分を吸い取る。与えたダメージの半分のHPを回復できる。,ウッドホーン
相手へのいらだちをぶつけて攻撃。そのターンに能力をさげられていると技の威力が2倍になる。,うっぷんばらし
相手が最後に使った技に恨みを抱いてその技のPPを4だけ減らす。,うらみ
鋭い風で相手を切りつけて攻撃する。急所に当たりやすい。,エアカッター
空をも切り裂く空気の刃で攻撃する。相手をひるませることがある。,エアスラッシュ
空気の渦を発射して攻撃する。急所に当たりやすい。,エアロブラスト
響く声で相手を攻撃する。毎ターンだれかが技を使い続けると威力があがる。,エコーボイス
するどくとがった枝で相手を突いて攻撃する。,えだづき
自然から集めた命の力を発射する。相手の特防をさげることがある。,エナジーボール
かたいエラでかみつく。相手より先に攻撃できると技の威力は2倍になる。,エラがみ
電気のネットで相手を捕まえて攻撃する。相手の素早さをさげる。,エレキネット
5ターンのあいだ足元をエレキフィールドにする。地面にいるポケモンは眠らなくなる。,エレキフィールド
電気の塊を相手にぶつける。相手より素早さが速いほど威力があがる。,エレキボール
煙や墨などを吹きかけて相手の命中率をさげる。,えんまく
相手ポケモンが入れ替わるときに技をだしていると倍の威力で攻撃できる。,おいうち
激しく吹きあれる風の渦をつくり4ターンのあいだ味方全員の素早さをあげる。,おいかぜ
ポケモンがとってもハッピーなあなたのことをお祝いしてくれる。,おいわい
おうふくビンタで相手をたたいて攻撃する。2-5回のあいだ連続でだす。,おうふくビンタ
相手の使った技をまねして自分も同じ技を使う。,オウムがえし
ギターやベースをかきならして激しく響く大きな振動を相手に与えて攻撃する。,オーバードライブ
フルパワーで相手を攻撃する。使うと反動で自分の特攻ががくっとさがる。,オーバーヒート
ほほぶくろに溜めたエネルギーで攻撃し自分の素早さをあげる。モルペコの姿でタイプが変わる。,オーラぐるま
にじいろのビームを相手に発射して攻撃する。攻撃をさげることがある。,オーロラビーム
5ターンの間物理と特殊のダメージを弱める。あられの時しか出すことができない。,オーロラベール
自分はひんしになるがそのかわりに相手の攻撃と特攻をがくっとさげる。,おきみやげ
相手の顔などに墨を吹きかけて攻撃する。命中率をさげることがある。,オクタンほう
相手の行動をサポートして自分の行動のあとに続けて動けるようにする。,おさきにどうぞ
能力変化で相手がパワーアップしているほど技の威力があがる。,おしおき
おたけびをあげて相手を威嚇し相手の攻撃と特攻をさげる。,おたけび
相手をおだてて混乱させる。同時に相手の特攻もあげてしまう。,おだてる
おちゃかいをひらいて場にいるポケモンがそれぞれ持っているきのみを食べる。,おちゃかい
大きな声などで不意に驚かして攻撃する。相手をひるませることがある。,おどろかす
不気味で怪しい炎を放って相手をやけどの状態にする。,おにび
天にむかっておいのりをささげ相手の攻撃を急所に当たらなくする。,おまじない
トレーナーのために全力で相手を攻撃する。なついているほど威力はあがる。,おんがえし
相手の技でひんしにされたときおんねんをかけてその技のPPを0にする。,おんねん
超能力で自分と相手の防御と特防をたして半分にわける。,ガードシェア
超能力で自分と相手の防御と特防の能力変化を入れ替える。,ガードスワップ
体からかいでんぱを放ち相手に浴びせることによって特攻をがくっとさげる。,かいでんぱ
しもべを呼びだしてきずを治す。最大HPの半分自分のHPを回復する。,かいふくしれい
5ターンのあいだ技や特性や持っている道具によってHPを回復できなくする。,かいふくふうじ
こん身の力で相手をなぐりつけて攻撃する。,かいりき
相手から受けた物理攻撃のダメージを2倍にして同じ相手に返す。,カウンター
炎をまとい相手に突進して攻撃する。やけど状態にすることがある。,かえんぐるま
真っ赤な炎で自分の周りにいるものを攻撃する。やけど状態にすることがある。,かえんだん
激しい炎を相手に発射して攻撃する。やけど状態にすることがある。,かえんほうしゃ
小石を燃やした炎のボールで相手を攻撃する。やけど状態にすることがある。,かえんボール
ゴーストタイプに効果がない技や回避率の高い相手に攻撃が当たるようになる。,かぎわける
体のかどを増やしてカクカクになることで自分の攻撃をあげる。,かくばる
影をのばして相手の背後から攻撃する。必ず先制攻撃できる。,かげうち
攻撃と同時に相手の影を縫い付けて逃げられなくする。,かげぬい
素早い動きで分身をつくり相手をまどわせて回避率をあげる。,かげぶんしん
翼でおこした激しい風を相手にぶつけて攻撃する。,かぜおこし
倒れた味方のかたきを討つ。前のターンに味方が倒されていると威力があがる。,かたきうち
全身に力をこめて体を硬くして自分の防御をあげる。,かたくなる
相手の動きをとめて直前にだしていた技を4ターンの間使えなくする。,かなしばり
敵には爆発するだんごを使って攻撃。味方には回復するだんごを与える。,かふんだんご
風の刃をつくり2ターン目に相手を攻撃する。急所に当たりやすい。,かまいたち
2ターンのあいだ攻撃にたえて受けたダメージを2倍にして相手に返す。,がまん
:鋭い歯で相手をかみくだいて攻撃する。相手の防御をさげることがある。,かみくだく
鋭くとがった歯でかみついて攻撃する。相手をひるませることがある。,かみつく
激しい雷を相手に落として攻撃する。まひ状態にすることがある。,かみなり
電気をためたキバでかみつく。相手をひるませたりまひ状態にすることがある。,かみなりのキバ
電撃をこめたパンチで相手を攻撃する。まひ状態にすることがある。,かみなりパンチ
相手のHPが自分のHPと同じくらいになるようにダメージを与える。,がむしゃら
自分が毒まひやけど状態のとき相手にくりだすと技の威力が2倍になる。,からげんき
鋭いチョップで相手をたたいて攻撃する。急所に当たりやすい。,からてチョップ
とても頑丈なぶあつい殻に4-5ターンの間相手をはさんで攻撃する。,からではさむ
殻に潜りこんで身を守り自分の防御をあげる。,からにこもる
触手やツタなどをからみつけて攻撃する。相手の素早さをさげることがある。,からみつく
殻をやぶって自分の防御特防をさげるが攻撃特攻素早さをぐーんとあげる。,からをやぶる
大空から急速降下して相手を攻撃する。自分の防御と特防がさがる。,ガリョウテンセイ
手刀を勢いよく振りおろして相手を攻撃する。ひかりのかべやリフレクターなども破壊できる。,かわらわり
岩石を投げつけて攻撃する。相手の動きを封じることで素早さをさげる。,がんせきふうじ
巨大な岩を相手に発射して攻撃する。次のターンは動けなくなる。,がんせきほう
気合を高めてありったけの力を放出する。相手の特防をさげることがある。,きあいだま
深く息を吸い気合をこめる。自分の攻撃が急所に当たりやすくなる。,きあいだめ
精神を高めてパンチをくりだす。技をだすまでに攻撃を受けると失敗する。,きあいパンチ
鋼鉄のギアを相手に投げつけて攻撃する。2回連続でダメージを与える。,ギアソーサー
歯車を回して自分の攻撃をあげるだけでなく素早さもぐーんとあげる。,ギアチェンジ
持てる力をすべて使って相手に突撃する。次のターンは動けなくなる。,ギガインパクト
養分を吸い取り攻撃する。与えたダメージの半分のHPを回復できる。,ギガドレイン
力をふりしぼり攻撃する。自分のHPが少ないほど技の威力はあがる。,きしかいせい
まひ状態の相手には威力が2倍になるがかわりに相手のまひが治る。,きつけ
催眠効果のある胞子をパラパラとふりまき相手を眠り状態にする。,キノコのほうし
相手が道具を持っていないとき自分が持っている道具を相手にわたす。,ギフトパス
血を吸い取って相手を攻撃する。与えたダメージの半分のHPを回復できる。,きゅうけつ
巨大な剣となり切りかかる。相手がダイマックスしているとダメージは2倍になる。,きょじゅうざん
巨大な盾となりぶつかる。相手がダイマックスしているとダメージは2倍になる。,きょじゅうだん
ツメやカマなどで相手を切り裂いて攻撃する。急所に当たりやすい。,きりさく
相手のリフレクターなどを払いのける。回避率もさげる。ポケッチの秘伝技の一つ。,きりばらい
きりふだの残りPPが少なければ少ないほど技の威力があがる。,きりふだ
風にりんぷんをのせて相手を攻撃する。自分のすべての能力があがることがある。,ぎんいろのかぜ
相手の攻撃を防ぐと同時に防御態勢になる。触れた相手の攻撃をがくっとさげる。,キングシールド
金属をこすってでるようないやな音を聞かせる。相手の特防をがくっとさげる。,きんぞくおん
攻撃したあとものすごいスピードで戻ってきて控えのポケモンと入れ替わる。,クイックターン
草の柱で攻撃する。みずと組みあわせると威力があがってあたりが湿原になる。,くさのちかい
心地好い笛の音色を聞かせて相手を眠りの状態にする。,くさぶえ
草をからませて相手を転ばせる。相手が重いほど威力があがる。,くさむすび
体をくすぐり笑わせることで相手の攻撃と防御をさげる。,くすぐる
最初にクチバシを加熱してから攻撃をくりだす。加熱中にさわるとやけどする。,くちばしキャノン
ネバネバした細い糸をグルグルとからませて相手を戦闘から逃げられなくする。,クモのす
お互いひんしになるまで交代ができなくなる。どちらかのポケモンがいなくなると効果は消える。,くらいつく
地面を滑るように相手を攻撃。グラスフィールドの時必ず先制攻撃できる。,グラススライダー
5ターンの間グラスフィールドにする。地面にいると毎ターン回復する。くさタイプの威力があがる。,グラスフィールド
鋭いはっぱで相手を包みこんで攻撃する。命中率をさげることがある。,グラスミキサー
大きなハサミを相手にたたきつけて攻撃する。急所に当たりやすい。,クラブハンマー
大地のパワーを集め力を相手に集中させてダメージを与える。,グランドフォース
特殊な泥の塊を相手に投げつけて攻撃する。能力変化をもとにもどす。,クリアスモッグ
黒い霧をだして戦闘にでているポケモン全員の能力変化をもとにもどす。,くろいきり
吸いこまれるような黒いまなざしでじっとみつめて相手を戦闘から逃げられなくする。,くろいまなざし
繰り返し打つことでだんだんこぶしが固くなる。相手に当てると攻撃があがる。,グロウパンチ
巨大な雷をたたきつける。巨大な炎の影響を受け技の威力があがる。,クロスサンダー
両手チョップを相手にたたきつけて攻撃する。急所に当たりやすい。,クロスチョップ
巨大な炎をたたきつける。巨大な雷の影響を受け技の威力があがる。,クロスフレイム
毒の刃で相手を切り裂く。毒状態にすることがあり急所にも当たりやすい。,クロスポイズン
2-3ターンのあいだ暴れまくって攻撃する。暴れたあとは混乱する。,げきりん
足を強くけり相手を転ばせて攻撃する。相手が重いほど威力があがる。,けたぐり
相手に向かってゲップを浴びせてダメージを与える。きのみを食べないとだせない。,ゲップ
原始の力で攻撃する。自分のすべての能力があがることがある。,げんしのちから
ダメージを与えた相手がすでに行動を終えていたら相手の特性を消してしまう。,コアパニッシャー
しもべを呼びだして相手にむかって攻撃させる。急所に当たりやすい。,こうげきしれい
自分のHPを回復する。天気によって回復の量が変化する。,こうごうせい
力をぬいて体を軽くして高速で動く。自分の素早さをぐーんとあげる。,こうそくいどう
回転して相手を攻撃する。しめつけるまきつくやどりぎのタネまきびしなども吹きとばせる。,こうそくスピン
1ターンめでどこかに消えて2ターンめに相手を攻撃する。守りを無視して攻撃できる。,ゴーストダイブ
的確な指導をおこなうことで味方全員の攻撃と防御を上げる。,コーチング
不思議な力でお互いの場の効果を入れ替える。,コートチェンジ
冷たい息を相手に吹きつけて攻撃する。必ず急所に当たる。,こおりのいぶき
冷気をひめたキバでかみつく。相手をひるませたりこおり状態にすることがある。,こおりのキバ
氷の塊を一瞬でつくり相手に素早く放つ。必ず先制攻撃できる。,こおりのつぶて
すべてを凍らせる激しい冷気で2ターン目に相手を包みこむ。やけど状態にすることがある。,コールドフレア
凍てつく冷気を相手に吹きつけて攻撃する。相手の素早さをさげる。,こごえるかぜ
凍えるような冷気を相手に吹きつけて攻撃する。相手の素早さをさげる。,こごえるせかい
相手の動きを心で感じて次の攻撃が必ず相手に当たるようにする。,こころのめ
宇宙から神秘の力をとりこむことで自分の防御と特防をあげる。,コスモパワー
2ターン目に相手を攻撃する。たまにひるませる。急所にも当たりやすい。,ゴッドバード
フワフワの綿毛で自分の体を包みこんで守る。防御をぐぐーんとあげる。,コットンガード
冷たい粉雪を相手に吹きつけて攻撃する。こおり状態にすることがある。,こなゆき
はっぱを相手に当てて攻撃する。,このは
自分に注目させて相手からの攻撃をすべて自分にむけさせる。,このゆびとまれ
すい星のごとくパンチをくりだして相手を攻撃する。自分の攻撃があがることがある。,コメットパンチ
攻撃を受けてもHPを必ず1だけ残せる。連続でだすと失敗しやすい。,こらえる
5ターンの間転がり続けて攻撃する。技が当たるたびに威力があがる。,ころがる
恐ろしい顔でにらみおびえさせて相手の素早さをがくっとさげる。,こわいかお
青白く輝く無数の光線で相手を攻撃する。,こんげんのはどう
不思議な光線を相手に発射して攻撃する。混乱させることがある。,サイケこうせん
不思議な念波を相手に発射して攻撃する。使うたびにダメージが変わる。,サイコウェーブ
実体化させた心の刃で相手を切り裂く。急所に当たりやすい。,サイコカッター
強い念力を相手に送って攻撃する。相手の特防をさげることがある。,サイコキネシス
超能力で暗示をかけて自分の受けている状態異常を相手にうつす。,サイコシフト
不思議な念波を実体化して相手を攻撃する。物理的なダメージを与える。,サイコショック
サイコパワーでかみついて相手を攻撃する。ひかりのかべやリフレクターなども破壊できる。,サイコファング
5ターンの間地面にいると先制技を受けない。エスパータイプの威力があがる。,サイコフィールド
フルパワーで相手を攻撃する。使うと反動で自分の特攻ががくっとさがる。,サイコブースト
不思議な念波を実体化して相手を攻撃する。物理的なダメージを与える。,サイコブレイク
不思議な力でテレポートして自分と味方の居場所を入れ替える。,サイドチェンジ
相手が出した技を指示してもう一度出させることができる。,さいはい
眠気を誘う暗示をかけて相手を眠り状態にする。,さいみんじゅつ
浮いているポケモンにも当たる。浮いていた相手は撃ち落とされて地面に落ちる。,サウザンアロー
地をはう波によって攻撃。波に巻き込まれた相手は戦闘から逃げられなくなる。,サウザンウェーブ
相手をおさえつけて行動の順番を最後にする。,さきおくり
威力をあげて相手がだそうとする技を先にだす。先にだせないと失敗する。,さきどり
持たせた道具を使えなくする。トレーナーもそのポケモンには道具を使えない。,さしおさえ
無数の光弾を相手に放出する。自分の持つプレートによりタイプが変わる。,さばきのつぶて
3ターンの間騒いで相手を攻撃する。そのあいだはだれも眠れなくなる。,さわぐ
ほとばしる電気のおりの中に4－5ターンの間相手を閉じこめて攻撃する。,サンダープリズン
体の中から衝撃波を発生させる。相手の特防をがくっとさげることがある。,シードフレア
物理か特殊かより多くダメージを与えられる能力で攻撃する。毒状態にすることがある。,シェルアームズ
鋭い貝殻で切りつけて攻撃する。相手の防御をさげることがある。,シェルブレード
1ターン目でエネルギーを吸収し2ターン目に特攻特防素早さをぐーんとあげる。,ジオコントロール
潮を吹きつけて攻撃する。自分のHPが少ないほど技の威力はさがる。,しおふき
相手がHPの半分くらいきずをおっていると技の威力が2倍になる。,しおみず
不思議な光を発射して攻撃する。相手を混乱させることがある。,シグナルビーム
自分に暗示をかけることで能力変化の状態を相手と同じにする。,じこあんじ
地面に自分ごと相手を投げつけて攻撃する。自分も少しダメージを受ける。,じごくぐるま
この技を受けた相手は地獄の苦しみから2ターンの間音の技を出すことができなくなる。,じごくづき
細胞を再生させて自分の最大HPの半分のHPを回復する。,じこさいせい
カマやツメをハサミのように交差させながら相手を切り裂く。,シザークロス
地震の衝撃で自分の周りにいるものを攻撃する。,じしん
自然の怒りを相手にぶつける。相手のHPは半分になる。,しぜんのいかり
自然の力で攻撃する。使う場所ででてくる技が変化する。,しぜんのちから
きのみから力をもらい攻撃する。持たせたきのみで技のタイプと威力が変わる。,しぜんのめぐみ
長い舌で相手をなめまわして攻撃する。まひ状態にすることがある。,したでなめる
悔しさをバネにして攻撃する。前のターンに技を外していると威力が倍になる。,じだんだ
しっとのエネルギーで相手を攻撃。そのターン能力があがったポケモンをやけどの状態にする。,しっとのほのお
ためこんで攻撃する。相手よりあとに攻撃できると技の威力は2倍になる。,しっぺがえし
しっぽを左右にかわいくふって油断を誘う。相手の防御をさげる。,しっぽをふる
地面を踏みならして自分の周りにいるものを攻撃する。相手の素早さをさげる。,じならし
思念の力を額に集めて攻撃する。相手をひるませることがある。,しねんのずつき
爆発をおこして自分の周りにいるものを攻撃する。使ったあとにひんしになる。,じばく
磁場を操作することによって特性プラスとマイナスの防御特防があがる。,じばそうさ
しびれる粉をたくさんふりまいて相手をまひ状態にする。,しびれごな
強く締めあげて攻撃をする。相手のHPが残っているほど威力はあがる。,しぼりとる
長い体やつるなどを使い4-5ターンの間相手を締めつけて攻撃する。,しめつける
体を高速に回転させて体当たりする。相手より素早さが低いほど強い。,ジャイロボール
影からつくった鋭いツメで相手を切り裂く。急所に当たりやすい。,シャドークロー
相手の影に潜り込み相手の能力アップを奪って攻撃する。,シャドースチール
1ターン目で姿を消して2ターン目に相手を攻撃する。守っていても攻撃は当たる。,シャドーダイブ
影にまぎれてパンチをくりだす。攻撃は必ず命中する。,シャドーパンチ
黒い影の塊を投げつけて攻撃する。相手の特防をさげることがある。,シャドーボール
魂の宿ったホネで相手をなぐりつけて攻撃する。相手の防御をさげることがある。,シャドーボーン
怪しい光線を放って攻撃する。相手の特性を無視して攻撃することができる。,シャドーレイ
相手にじゃれついて攻撃する。相手の攻撃をさげることがある。,じゃれつく
ジャングルと一体化して自分と場にいる味方のHPと状態を回復する。,ジャングルヒール
次のターンにだすでんきタイプの技の威力をあげる。自分の特防もあがる。,じゅうでん
5ターンの間ふゆうやひこうタイプにじめんタイプの技が当たるようになる。空中に飛ぶ技も使えない。,じゅうりょく
相手の状態異常を治す。治すと自分はHPを回復することができる。,じょうか
白い霧で体をおおう。5ターンのあいだ相手に能力をさげられなくなる。,しろいきり
地割れの裂け目に相手を落として攻撃する。当たれば一撃でひんしにする。,じわれ
こぶしをふって真空の波をまきおこす。かならず先制攻撃できる。,しんくうは
不思議な電波で周りにいる自分と同じタイプのポケモンにダメージを与える。,シンクロノイズ
目にも留まらぬものすごい速さで相手に突進して攻撃する。必ず先制攻撃できる。,しんそく
みえない不思議な力を送って攻撃する。相手をひるませることがある。,じんつうりき
長いつので切りつけ攻撃する。つのがまとった不思議な力は物理的なダメージを与える。,しんぴのつるぎ
5ターンの間不思議な力に守られて状態異常にならなくなる。,しんぴのまもり
なぞの念波を相手に送る。念波を受けとった相手は特性がたんじゅんになる。,シンプルビーム
硬いしっぽで相手をたたいて攻撃する。2-5回のあいだ連続でだす。,スイープビンタ
養分を吸い取り攻撃する。相手に与えたダメージの半分のHPを回復できる。,すいとる
みずの型を極めし流れるような3回の連撃。必ず急所に当たる。,すいりゅうれんだ
空にむかうような高いアッパーで相手を突きあげて攻撃する。,スカイアッパー
超能力で自分の特性と相手の特性を入れ替える。,スキルスワップ
ウロコを撃ちだして攻撃する。2-5回の間連続でだす。素早さがあがるが防御がさがる。,スケイルショット
全身のうろこをこすり大きな音を出して攻撃する。攻撃後自分の防御がさがる。,スケイルノイズ
太いクキをふりまわして攻撃。ただし自分もよろめいてしまうため次のターンは動けなくなる。,スターアサルト
ものすごく熱い蒸気を相手に浴びせる。相手はやけどすることがある。,スチームバースト
頭を突きだしてまっすぐつっこんで攻撃する。相手をひるませることがある。,ずつき
すてゼリフで相手をいかくし攻撃と特攻をさげたのち控えのポケモンと入れ替わる。,すてゼリフ
命を懸けて相手に突進して攻撃する。自分もかなりダメージを受ける。,すてみタックル
相手の周りに無数の岩を浮かべて交代ででてきた相手のポケモンにダメージを与える。,ステルスロック
とがった岩を相手に突き刺して攻撃する。急所に当たりやすい。,ストーンエッジ
最大HPの半分自分のHPを回復する。すなあらしの時は多く回復。,すなあつめ
5ターンのあいだ砂あらしでいわじめんはがねタイプ以外のポケモンにダメージを与える。,すなあらし
相手の顔に砂をかけて命中率をさげる。,すなかけ
激しく吹きあれる砂あらしの中に4-5ターンのあいだ相手を閉じこめて攻撃する。,すなじごく
電気をまとい相手に突進して攻撃する。まひ状態にすることがある。,スパーク
星形の光を発射して相手を攻撃する。攻撃は必ず命中する。,スピードスター
相手の素早さと自分の素早さを入れ替えてしまう。,スピードスワップ
スプーンをまげて注意をひき相手の命中率をさげる。,スプーンまげ
ポケモンにスポットライトを当てそのターンにそのポケモンしか狙えないようにする。,スポットライト
とがったつので相手を突き刺して攻撃する。攻撃は必ず命中する。,スマートホーン
汚れたガスを相手に吹きつけて攻撃する。毒状態にすることがある。,スモッグ
目にも留まらぬ速さで自分と相手の持ち物を交換する。,すりかえ
体を一気に大きく生長させて攻撃と特攻をあげる。,せいちょう
長いつので切りつけ攻撃する。相手の能力変化に関係なくダメージを与える。,せいなるつるぎ
神秘の炎で相手を焼きつくして攻撃する。やけど状態にすることがある。,せいなるほのお
絶対零度の冷たさで相手を攻撃する。当たれば一撃でひんしにする。,ぜったいれいど
相手が技をだす前にそうでんするとそのターン相手の技はでんきタイプになる。,そうでん
食らうとくじけるほどの勢いで攻撃。相手の特攻を下げる。,ソウルクラッシュ
自分のHPを少し削ってすべての能力を上げる。,ソウルビート
1ターン目に光をいっぱいに集め2ターン目に光の束を発射して攻撃する。,ソーラービーム
1ターン目に光をいっぱいに集め2ターン目にその力を剣に込めて攻撃する。,ソーラーブレード
衝撃波を相手にぶつけて攻撃する。20のダメージを決まって与える。,ソニックブーム
1ターン目で空へ飛び2ターン目に相手を攻撃する。ポケッチの秘伝技の一つ。,そらをとぶ
暗黒の世界にひきずり落として相手を眠り状態にする。,ダークホール
ねばねばのタールを浴びせて相手の素早さを下げる。相手はほのおが弱点になる。,タールショット
相手にむかって全身でぶつかっていき攻撃する。,たいあたり
相手の足下へ大地の力を放出する。相手の特防をさげることがある。,だいちのちから
フィールドの力を借りて攻撃。使った時のフィールドの状態によって技のタイプと威力が変わる。,だいちのはどう
大きな爆発で自分の周りにいるものを攻撃する。使ったあとにひんしになる。,だいばくはつ
1ターン目で潜り2ターン目に浮きあがって攻撃する。深い海に潜ることもできる。,ダイビング
コアからビームを放って攻撃。相手がダイマックスしているとダメージは2倍になる。,ダイマックスほう
大の字の炎で相手を焼きつくす。やけど状態にすることがある。,だいもんじ
ダイヤの嵐を巻き起こしダメージを与える。自分の防御をぐーんとあげることがある。,ダイヤストーム
地面を耕して草木が育ちやすいようにする。くさタイプの攻撃と特攻があがる。,たがやす
すごい勢いで相手につっこむ。相手をひるませることがある。,たきのぼり
濁った水を相手に発射して攻撃する。命中率をさげることがある。,だくりゅう
力を蓄えて自分の防御と特防をあげる。最大3回まで蓄えられる。,たくわえる
:相手を逃げられなくする。かためられた相手は毎ターン防御と特防が下がる。,たこがため
汚いゴミを相手にぶつけて攻撃する。毒状態にすることがある。,ダストシュート
長いしっぽやつるなどを使い相手をたたきつけて攻撃する。,たたきつける
かえしたタタミを盾にして自分や味方への技のダメージを防ぐ。変化技は防ぐことができない。,たたみがえし
たたみかけるように攻撃する。状態異常の相手に大きなダメージを与える。,たたりめ
竜巻をおこして相手をまきこみ攻撃する。相手をひるませることがある。,たつまき
硬い殻をもつ大きなタネを上からたたきつけて相手を攻撃する。,タネばくだん
タネを勢いよく相手に発射して攻撃する。2-5回の間連続でだす。,タネマシンガン
しっぽなどを使い相手をたたいて攻撃する。2回連続でダメージを与える。,ダブルアタック
翼を相手にぶつけて攻撃する。2回連続でダメージを与える。,ダブルウイング
体の硬い部分で相手をたたいて攻撃する。2回連続でダメージを与える。,ダブルチョップ
2本のハリを相手に突き刺し2回連続でダメージ。毒状態にすることがある。,ダブルニードル
胸のナットを軸に回転して2回続けてうでをたたきつける。相手をひるませることがある。,ダブルパンツァー
最大HPの半分自分のHPを回復する。戦闘以外で使うと仲間にHPを分け与える。,タマゴうみ
大きなタマゴを力いっぱい相手に投げつけて攻撃する。,タマゴばくだん
さりげなく相手にちかづき油断したすきをみてなぐりつける。攻撃は必ず命中する。,だましうち
まるいものを相手に投げつけて攻撃する。2-5回のあいだ連続でだす。,たまなげ
そのターンに相手がすでにダメージを受けていたら技の威力は2倍になる。,ダメおし
大地の力を刃に変えて相手を攻撃する。,だんがいのつるぎ
体をちぢめて小さくみせて自分の回避率をぐーんとあげる。,ちいさくなる
相手の攻撃力と同じだけ自分のHPを回復する。そして相手の攻撃をさげる。,ちからをすいとる
引力を使い投げとばす。自分のレベルと同じダメージを相手に与える。,ちきゅうなげ
電撃の束を相手に発射する。電気をためて自分の特攻をあげることがある。,チャージビーム
魅惑の鳴き声をだして相手に精神的なダメージを与える。攻撃は必ず命中する。,チャームボイス
特殊な音波を体から発して相手を混乱させる。,ちょうおんぱ
神秘的で美しい舞を軽やかにおどる。自分の特攻と特防と素早さをあげる。,ちょうのまい
相手を怒らせる。3ターンのあいだ相手はダメージを与える技しかだせなくなる。,ちょうはつ
くちばしで攻撃。相手がきのみを持っているとき食べてきのみの効果を受けられる。,ついばむ
自分のHPを回復する。天気によって回復の量が変化する。,つきのひかり
自分の強さを鼻高々に攻撃する。自分の能力があがっているほど威力があがる。,つけあがる
一瞬のすきをついて相手を切りはらう。急所に当たりやすい。,つじぎり
鋭くとがったくちばしやつので相手を突いて攻撃する。,つつく
ひらいた両手で相手をつっぱって攻撃する。2-5回のあいだ連続でだす。,つっぱり
鋭くとがったつので相手を攻撃する。,つのでつく
回転するつのを相手に突き刺して攻撃する。当たれば一撃でひんしにする。,つのドリル
大きくひろげたりっぱな翼を相手にぶつけて攻撃する。,つばさでうつ
素早い動きで相手をほんろうして切りつける。攻撃は必ず命中する。,つばめがえし
つぶらなひとみで相手をみつめて攻撃をさげる。必ず先制攻撃できる。,つぶらなひとみ
つぼおしで体を活性化させる。能力のどれか1つをぐーんとあげる。,つぼをつく
ツメを磨いて鋭くする。自分の攻撃と命中率をあげる。,つめとぎ
大きな氷柱を激しくぶつけて攻撃する。相手をひるませることがある。,つららおとし
鋭い氷柱を相手に発射して攻撃する。2-5回のあいだ連続でだす。,つららばり
戦いの舞を激しくおどって気合を高める。自分の攻撃をぐーんとあげる。,つるぎのまい
ムチのようにしなる細長いつるで相手をたたきつけて攻撃する。,つるのムチ
威力が高い技だが戦闘に出たらすぐに出さないと成功しない。,であいがしら
手加減した攻撃で相手のHPを必ず1だけ残す。,てかげん
自分のタイプをおぼえている技で一番上の技と同じタイプにする。,テクスチャー
相手が最後に使った技に抵抗できるように自分のタイプを変化させる。,テクスチャー2
光弾を相手に放出する。自分の持つカセットによりタイプが変わる。,テクノバスター
かざりつけをすることで相手の攻撃と特攻をぐーんと上げる。,デコレーション
ねらいを定めた相手からHPを吸い取る。与えたダメージの半分以上HPを回復する。,デスウイング
仲間を助ける。てだすけされたポケモンの技の威力はいつもより大きくなる。,てだすけ
全身から集めたはがねをビームとして激しく撃ちだす。自分もダメージを受けてしまう。,てっていこうせん
皮膚を鉄のように硬くすることで自分の防御をぐーんとあげる。,てっぺき
超能力で相手を浮かせる。3ターンのあいだ攻撃が相手に当たりやすくなる。,テレキネシス
念力を使い一瞬で控えのポケモンと入れかわる。,テレポート
味方のポケモン同士が手をつなぐ。とっても幸せな気持ちになれる。,てをつなぐ
電気の刺激を相手に浴びせて攻撃する。まひ状態にすることがある。,でんきショック
電気をまとったくちばしで刺す。相手より先に攻撃できると技の威力は2倍になる。,でんげきくちばし
電撃を素早く相手に浴びせる。攻撃は必ず命中する。,でんげきは
目にも留まらぬものすごい速さで相手につっこむ。必ず先制攻撃できる。,でんこうせっか
天使のようにかわいくキスして相手を混乱させる。,てんしのキッス
弱い電撃を浴びせることで相手をまひ状態にする。,でんじは
電気でつくった磁力の力で宙に浮かぶ。5ターンのあいだ浮遊できる。,でんじふゆう
大砲のような電気を発射して攻撃する。相手をまひの状態にする。,でんじほう
両手をひろげてたちはだかり相手の逃げ道をふさいで逃げられなくする。,とおせんぼう
相手の攻撃を防ぐと同時に触れた相手に毒を与えてしまう。,トーチカ
大声でほえて気合を高め自分と味方の攻撃をあげる。,とおぼえ
精神を集中して次の攻撃を必ず急所に当てる。,とぎすます
時間がゆがむほどの力をうちだして相手を攻撃する。次のターンは動けなくなる。,ときのほうこう
毒ガスを相手の顔に吹きかけて毒の状態にする。,どくガス
毒にそまった触手や腕で相手を突き刺す。毒状態にすることがある。,どくづき
相手を猛毒の状態にする。ターンがすすむほど毒のダメージが増えていく。,どくどく
毒のあるキバで相手にかみついて攻撃する。猛毒をおわせることがある。,どくどくのキバ
毒の混じった糸を吹き付ける。相手を毒にして素早さをさげる。,どくのいと
相手の足下にどくびしをしかける。交代ででてきた相手のポケモンに毒をおわせる。,どくびし
とぐろをまいて集中する。自分の攻撃と防御と命中率をあげる。,とぐろをまく
鋭い針を相手に発射して攻撃する。2－5回のあいだ連続でだす。,とげキャノン
頭を下げるふりをしながら振りみだした髪の毛を突き刺す。攻撃は必ず命中する。,どげざつき
細胞の変化で液状になり自分の防御をぐーんとあげる。,とける
すごい勢いで相手にぶつかって攻撃する。自分も少しダメージを受ける。,とっしん
戦闘中におぼえている技をすべて使うとはじめてだせるとっておきの技。,とっておき
この技を使って相手を倒すと攻撃がぐぐーんとあがる。,とどめばり
全力で相手に飛びかかって攻撃。相手の攻撃をさげる。,とびかかる
高いジャンプからのキックで相手を攻撃する。はずすと自分がダメージを受ける。,とびげり
空高く飛び跳ねて2ターン目に相手を攻撃する。まひ状態にすることがある。,とびはねる
ジャンプからのひざげりで相手を攻撃する。はずすと自分がダメージを受ける。,とびひざげり
相手を投げとばして控えのポケモンをひきずりだす。野生の場合は戦闘が終わる。,ともえなげ
3つの光線で攻撃する。まひかやけどかこおり状態のどれかにすることがある。,トライアタック
ドラメシヤで2回攻撃。相手が2匹いるときはそれぞれに1回ずつ攻撃する。,ドラゴンアロー
生命力をパワーに変え相手を攻撃する。自分のHPが少ないほど技の威力はさがる。,ドラゴンエナジー
鋭くとがった巨大なツメで相手を切り裂いて攻撃する。,ドラゴンクロー
すさまじい殺気で威圧しながら体当たりする。相手をひるませることがある。,ドラゴンダイブ
相手をはじきとばして控えのポケモンをひきずりだす。野生の場合は戦闘が終わる。,ドラゴンテール
体をハンマーのように使って相手に襲いかかりダメージを与える。,ドラゴンハンマー
こうらのトラップをしかける。相手が物理技を出すと爆発してダメージを与える。,トラップシェル
トラバサミで捕らえて4-5ターンの間相手をはさんで攻撃する。,トラバサミ
ドラムの根っこをドラミングでコントロールしてこうげきすることで相手の素早さを下げる。,ドラムアタック
相手のすきをついて自分と相手の持ち物を交換する。,トリック
不思議な力を使って味方への変化技を防ぐ。ダメージ技は受けてしまう。,トリックガード
まか不思議な空間をつくる。5ターンのあいだ遅いポケモンから行動できる。,トリックルーム
3回連続でキックをくりだして攻撃する。技が当たるたびに威力はあがる。,トリプルアクセル
3回連続でキックをくりだして攻撃する。技が当たるたびに威力はあがる。,トリプルキック
回転しながらとがったくちばしを相手に突き刺して攻撃する。,ドリルくちばし
ドリルのように体を回転しながら相手に体当たりする。急所に当たりやすい。,ドリルライナー
キッスによって相手からHPを吸い取る。与えたダメージの半分以上HPを回復する。,ドレインキッス
こぶしから相手の力を吸い取る。与えたダメージの半分のHPを回復できる。,ドレインパンチ
あたりを泥まみれにする。5ターンのあいだでんきタイプの技を弱める。,どろあそび
相手の顔などに泥を投げつけて攻撃する。命中率をさげる。,どろかけ
硬い泥の弾を相手に発射して攻撃する。命中率をさげることがある。,どろばくだん
南国由来の熱いキックを相手に浴びせる。相手の攻撃をさげる。,トロピカルキック
攻撃と同時に道具を盗む。自分が道具を持っている場合は盗めない。,どろぼう
頭をからにして一瞬なにかを忘れることで自分の特防をぐーんとあげる。,ドわすれ
攻撃したあとものすごいスピードでもどってきて控えのポケモンと入れ替わる。,とんぼがえり
ないしょばなしをすることで相手の集中力を失わせ相手の特攻をさげる。,ないしょばなし
暗黒の衝撃波をとばして相手を攻撃する。命中率をさげることがある。,ナイトバースト
恐ろしい幻をみせて自分のレベルと同じだけのダメージを相手に与える。,ナイトヘッド
不思議なリズムでおどる。動きをまねさせて自分と相手の特性を同じにする。,なかまづくり
かわいいなきごえを聞かせて気をひき油断をさせて相手の攻撃をさげる。,なきごえ
持たせた道具を素早く投げつけて攻撃する。道具で威力と効果が変わる。,なげつける
すきをみて堅実に攻撃する。相手の能力変化に関係なくダメージを与える。,なしくずし
怠けてやすむ。自分のHPを最大HPの半分回復する。,なまける
なみだめになって相手の戦力を喪失させる。相手の攻撃と特攻がさがる。,なみだめ
大きな波で自分の周りにいるものを攻撃する。水上も泳いで進める。,なみのり
心をなやませるタネを植えつける。相手を眠れなくして特性をふみんにする。,なやみのタネ
相手になりきって自分も相手と同じ特性に変化する。,なりきり
トゲの腕を激しくふるって攻撃する。相手をひるませることがある。,ニードルアーム
相手の攻撃を防ぐと同時に触れた相手の体力を削ってしまう。,ニードルガード
すさまじい力で相手をにぎりつぶす。相手のHPが残っているほど威力があがる。,にぎりつぶす
2本の足で相手をけとばして攻撃する。2回連続でダメージを与える。,にどげり
炎をまとい相手を攻撃する。力をためて自分の素早さをあげる。,ニトロチャージ
5ターンのあいだ日差しを強くしてほのおタイプの技の威力をあげる。,にほんばれ
鋭い目つきでおびえさせて相手の防御をさげる。,にらみつける
次のターンに自分もしくは入れ替わったポケモンのHPを最大HPの半分回復する。,ねがいごと
先制攻撃で相手をひるませる。戦闘にでたらすぐにださないと成功しない。,ねこだまし
自分がおぼえている技のうちどれか1つをくりだす。自分が寝ているときだけ使える。,ねごと
相手の体に小判を投げつけて攻撃する。戦闘のあとでお金がもらえる。,ネコにこばん
大急ぎで味方の助けをかりて味方のポケモンがおぼえている技をどれか1つ使う。,ねこのて
熱く焼けた砂を相手にぶつけて攻撃する。やけど状態にすることがある。,ねっさのだいち
熱く煮えたぎる水を相手に発射して攻撃する。やけど状態にすることがある。,ねっとう
熱い息を相手に吹きつけて攻撃する。やけど状態にすることがある。,ねっぷう
相手の周りにねばねばしたネットをはりめぐらせ交代ででてきた相手の素早さをさげる。,ねばねばネット
眠くなる粉をたくさんふりまいて相手を眠り状態にする。,ねむりごな
2ターンのあいだ眠り続ける。自分のHPと状態異常をすべて回復する。,ねむる
相手の技を引き受ける特性や技の影響を無視して選んだ相手を攻撃できる。,ねらいうち
大地に根を張り毎ターン自分のHPを回復する。根を張っているので入れ替えられない。,ねをはる
弱い念力を相手に送って攻撃する。相手を混乱させることがある。,ねんりき
全身で相手にのしかかり攻撃する。まひ状態にすることがある。,のしかかり
蓄えた力をのみこんで自分のHPを回復する。蓄えているほど回復する。,のみこむ
使うポケモンがゴーストタイプとそれ以外とでは効果が変わる。,のろい
まくしたてるように怒鳴りつけて相手の特攻をさげる。,バークアウト
かわいいしぐさで油断させて強烈な一撃を浴びせる。相手をひるませることがある。,ハートスタンプ
超能力で自分と相手にかかっている能力変化を入れ替える。,ハートスワップ
大きな樹木で相手をたたきつけて攻撃する。次のターンは動けなくなる。,ハードプラント
まるめた体で回転して相手をおしつぶす。相手をひるませることがある。,ハードローラー
自分のすべての能力が上がるが交代したり逃げることができなくなる。,はいすいのじん
水の大砲を相手に発射して攻撃する。次のターンは動けなくなる。,ハイドロカノン
大量の水を激しい勢いで相手に発射して攻撃する。,ハイドロポンプ
うるさく響く大きな振動を相手に与えて攻撃する。,ハイパーボイス
背後からはいより攻撃する。相手の特攻をさげる。,はいよるいちげき
強い光線を相手に発射して攻撃する。次のターンは動けなくなる。,はかいこうせん
すごい力を発揮して相手を攻撃する。自分の攻撃と防御がさがる。,ばかぢから
硬い翼を相手にたたきつけて攻撃する。自分の防御があがることがある。,はがねのつばさ
蓄えた力を相手にぶつけて攻撃する。蓄えているほど威力があがる。,はきだす
すさまじい爆音の破壊力によって周りにいるものを攻撃する。,ばくおんぱ
こん身の力でパンチをくりだして攻撃する。相手を必ず混乱させる。,ばくれつパンチ
大きなハサミで相手を切り裂いて攻撃する。当たれば一撃でひんしにする。,ハサミギロチン
相手を両側からはさんでダメージをあたえる。,はさむ
当たるとはじける炎で相手を攻撃する。はじけた炎は隣の相手にもふりかかる。,はじけるほのお
相手の持ち物をはたき落として戦闘が終わるまで使えなくする。物を持つ相手にはダメージが増す。,はたきおとす
長いしっぽや手などを使って相手をはたいて攻撃する。,はたく
相手の体に衝撃波を当てて攻撃する。まひ状態にすることがある。,はっけい
はっぱをとばして相手を切りつけて攻撃する。急所に当たりやすい。,はっぱカッター
ハッピータイムの技を使うと戦闘のあとでもらえるお金が倍になる。,ハッピータイム
体の奥から波導の力を相手にうち放つ。攻撃は必ず命中する。,はどうだん
控えのポケモンと入れ替わる。能力変化は替わったポケモンがそのまま受けつぐ。,バトンタッチ
2-3ターンのあいだ花をまきちらして相手を攻撃する。まきちらしたあとは混乱する。,はなびらのまい
激しい花吹雪を起こし周りにいるものに攻撃してダメージを与える。,はなふぶき
地面に降りて体をやすめる。最大HPの半分のHPを回復する。,はねやすめ
攻撃もせずにピョンピョンと跳ねるだけでなにもおこらない……。,はねる
泡を勢いよく相手に発射して攻撃する。素早さをさげることがある。,バブルこうせん
技を使った2ターン後に無数の光の束で相手を攻撃する。,はめつのねがい
永遠の花のパワーをかりて強力な光線を撃ちだす。自分もかなりのダメージを受ける。,はめつのひかり
自分のHPを最大HPの半分減らして自分の攻撃を最大にあげる。,はらだいこ
周りにいるポケモン全員にダメージ。与えたダメージの半分を自分が回復する。,パラボラチャージ
頑丈な壁をつくって自分の防御をぐーんとあげる。,バリアー
弾丸のような速くて硬いパンチを相手にくりだす。必ず先制攻撃できる。,バレットパンチ
相手をハロウィンに誘う。相手のタイプにゴーストタイプが追加される。,ハロウィン
ツタや触手を激しくふるって相手をたたきつけ攻撃する。,パワーウィップ
超能力で自分と相手の攻撃と特攻をたして半分にわける。,パワーシェア
宝石のようにきらめく光を発射して相手を攻撃する。,パワージェム
超能力で自分と相手の攻撃と特攻の能力変化を入れ替える。,パワースワップ
超能力で自分の攻撃と防御の力を交換する。,パワートリック
燃える体で相手にぶつかって攻撃する。自分が相手より重いほど威力があがる。,ヒートスタンプ
5ターンのあいだ不思議なかべで相手から受ける特殊攻撃のダメージを弱める。,ひかりのかべ
硬くとがった鋭いツメで相手をひっかいて攻撃する。,ひっかく
相手にかかっているすべての能力変化をひっくり返して逆にする。,ひっくりかえす
自分の頭を爆発させて周りのすべてを攻撃する。自分もダメージを受けてしまう。,ビックリヘッド
鋭い前歯で強くかみついて攻撃する。相手をひるませることがある。,ひっさつまえば
小さな炎を相手に発射して攻撃する。やけど状態にすることがある。,ひのこ
使う場所で追加効果が変化する攻撃。,ひみつのちから
リズミカルにパンチをくりだして相手を攻撃する。混乱させることがある。,ピヨピヨパンチ
相手にぶつかって強力な電気を浴びせびりびりちくちくさせる。相手をひるませることがある。,びりびりちくちく
体に力をこめて筋肉をぶあつくすることで自分の攻撃と防御をあげる。,ビルドアップ
自分と味方を相手の先制攻撃から守る。連続でだすと失敗しやすい。,ファストガード
相手より先に攻撃できる。相手がだす技が攻撃技でないと失敗する。,ふいうち
相手が自分と同じ技をおぼえていたら相手だけその技を使えなくする。,ふういん
ロックをかけることによって次のターンすべてのポケモンを逃げられなくする。,フェアリーロック
まもるやみきりをしている相手に攻撃ができる。守りの効果を解除させる。,フェイント
羽毛をふりまいて相手の体にからませる。相手の攻撃をがくっとさげる。,フェザーダンス
光の柱で攻撃する。攻撃と特攻を比べて高い方でダメージを与える。,フォトンゲイザー
相手を吹きとばして控えのポケモンをひきずりだす。野生の場合は戦闘が終わる。,ふきとばし
強力なサイコパワーで攻撃。相手が最後に使った技のPPを3だけ減らす。,ぶきみなじゅもん
味方全員で攻撃する。仲間のポケモンが多いほど技の攻撃回数が増える。,ふくろだたき
強い酸性のガスで周りにいるものを包みこみ持っている道具を溶かしてしまう。,ふしょくガス
激しい吹雪を相手に吹きつけて攻撃する。こおり状態にすることがある。,ふぶき
大きな足で相手を踏みつけて攻撃する。相手をひるませることがある。,ふみつけ
空中から相手にダイブする。この技はかくとうタイプと同時にひこうタイプでもある。,フライングプレス
爆発の炎で相手を焼きつくして攻撃する。次のターンは動けなくなる。,ブラストバーン
電気を帯びた粒子を拡散しノーマルタイプの技をでんきタイプにしてしまう。,プラズマシャワー
電気をまとったこぶしで攻撃。ノーマルタイプの技をでんきタイプにしてしまう。,プラズマフィスト
光で相手の命中率をさげる。暗い洞窟も明るく照らせる。,フラッシュ
フラフラとダンスをおどって自分の周りにいるものを混乱状態にさせる。,フラフラダンス
不思議な力を使って場にいるくさタイプのポケモン全員の防御をあげる。,フラワーガード
最大HPの半分相手のHPを回復する。グラスフィールドの時効果があがる。,フラワーヒール
相手を急激に冷やしてこおり状態にすることがある。みずタイプにも効果抜群になる。,フリーズドライ
電気をまとった氷の塊で2ターン目に相手をたたきつける。まひ状態にすることがある。,フリーズボルト
1ターン目で相手を空へ連れさり2ターン目に落として攻撃する。連れさられた相手は動けない。,フリーフォール
吹雪をまとった氷の槍を相手に投げつけて攻撃する。,ブリザードランス
プリズムの力で強力な光線を発射する。次のターンは動けなくなる。,プリズムレーザー
自分を奮いたてて攻撃と特攻をあげる。,ふるいたてる
強力なビームを放ったあと自分の特攻ががくっとさがる。,フルールカノン
炎をまとって突進する。自分もかなりダメージを受ける。やけど状態にすることがある。,フレアドライブ
硬く鋭いツメで切り裂いて攻撃する。相手の防御をさげることがある。,ブレイククロー
攻撃した相手をやけど状態にすることがある。急所にも当たりやすい。,ブレイズキック
はねをおりたたみ低空飛行で突撃する。自分もかなりダメージを受ける。,ブレイブバード
わなをしかけた箱を相手にわたして攻撃する。HPが回復してしまうこともある。,プレゼント
相手の攻撃をまったく受けない。連続でだすと失敗しやすい。触れると防御ががくっと下がる。,ブロッキング
真っ赤な炎で自分の周りにいるものを攻撃する。やけど状態にすることがある。,ふんえん
怒りを爆発させて相手を攻撃する。自分のHPが少ないほど技の威力はさがる。,ふんか
自分の体をぶんまわして相手にダメージを与える。,ぶんまわす
ヘドロの波で自分の周りにいるものを攻撃する。毒状態にすることがある。,ヘドロウェーブ
汚いヘドロを相手に投げつけて攻撃する。毒状態にすることがある。,ヘドロこうげき
汚いヘドロを相手に投げつけて攻撃する。毒状態にすることがある。,ヘドロばくだん
特殊な毒液を浴びせかける。毒状態の相手には威力が2倍になる。,ベノムショック
特殊な毒液を浴びせかける。毒状態の相手は攻撃特攻素早さがさがる。,ベノムトラップ
重たい体で相手にぶつかって攻撃する。自分が相手より重いほど威力があがる。,ヘビーボンバー
おなかの模様でおびえさせて相手をまひの状態にする。,へびにらみ
相手のポケモンに変身することで相手とまったく同じ技が使える。,へんしん
しっぽでたたく。毒状態にすることがあり急所にも当たりやすい。,ポイズンテール
しもべを呼びだして自分の体におおいつかせる。防御と特防をあげることができる。,ぼうぎょしれい
まばゆい電撃で自分の周りにいるものを攻撃する。まひ状態にすることがある。,ほうでん
強烈な風で相手を包みこんで攻撃する。相手を混乱させることがある。,ぼうふう
相手を逃がして控えのポケモンをひきずりだす。野生の場合は戦闘が終わる。,ほえる
持っているきのみを食べて防御をぐーんとあげる。,ほおばる
硬いホネで相手をなぐりつけて攻撃する。2-5回の間連続でだす。,ボーンラッシュ
水辺や草むらどうくつなどいる場所にあわせて自分のタイプを変える。,ほごしょく
かわいくあまえながら相手にちかづき持っている道具をうばう。,ほしがる
電気を帯びたほっぺをすりつけて攻撃。相手をまひ状態にする。,ほっぺすりすり
体のムダな部分を削る。自分の素早さをぐーんとあげて体重も軽くなる。,ボディパージ
体をぶつけて攻撃。防御が高いほど与えるダメージが増える。,ボディプレス
手に持ったホネで相手をなぐりつけて攻撃する。相手をひるませることがある。,ホネこんぼう
手に持ったホネを相手に投げつけ行きと帰りの2回連続でダメージを与える。,ホネブーメラン
激しく渦をまく炎の中に4-5ターンの間相手を閉じ込めて攻撃する。,ほのおのうず
炎をまとったキバでかみつく。相手をひるませたりやけど状態にすることがある。,ほのおのキバ
炎の柱で攻撃する。くさと組みあわせると威力があがって周りが火の海になる。,ほのおのちかい
炎をこめたパンチで相手を攻撃する。やけど状態にすることがある。,ほのおのパンチ
炎をまといはばたいて相手を攻撃する。自分の特攻があがることがある。,ほのおのまい
:焼けたムチで相手を打ちつける。攻撃を受けた相手は防御がさがる。,ほのおのムチ
相手の持ち物をあやつって攻撃。相手が道具を持っていない場合は失敗する。,ポルターガイスト
電気をまとって突進する。自分もかなりダメージを受ける。まひ状態にすることがある。,ボルテッカー
攻撃したあとものすごいスピードでもどってきて控えポケモンと入れ替わる。,ボルトチェンジ
歌を聴いたポケモンは3ターンたつとひんしになる。交代すると効果はなくなる。,ほろびのうた
長い体やつるなどをつかって4-5ターンのあいだ相手にまきついて攻撃する。,まきつく
相手の足下にまきびしをしかける。交代ででてきた相手のポケモンにダメージを与える。,まきびし
地面を揺らして自分の周りにいるものを攻撃する。技の威力はいろいろ変わる。,マグニチュード
相手に吸いつく鋼の爆弾を発射する。攻撃は必ず命中する。,マグネットボム
激しく燃えたぎる炎のなかに4-5ターンのあいだ相手を閉じこめて攻撃する。,マグマストーム
強力な光を放ち相手にダメージを与える。,マジカルシャイン
口から吐きだす特別熱い炎で攻撃する。相手の特攻をさげる。,マジカルフレイム
相手を追跡する不思議なはっぱをまきちらす。攻撃は必ず命中する。,マジカルリーフ
状態異常になる技ややどりぎのタネなどをだされたとき相手に跳ね返す。,マジックコート
まか不思議な空間をつくる。5ターンのあいだすべてのポケモンの道具の効果がなくなる。,マジックルーム
泥の塊を相手に投げつけて攻撃する。同時に相手の素早さをさげる,マッドショット
目にも留まらぬものすごい速さでパンチをくりだす。必ず先制攻撃できる。,マッハパンチ
4-5ターンのあいだ相手にまとわりついて攻撃する。そのあいだ相手は逃げられない。,まとわりつく
直前にでた技をまねして同じ技をだす。技がでていないと失敗する。,まねっこ
まほうのこなを浴びせて相手をエスパータイプに変化させる。,まほうのこな
相手の攻撃をまったく受けない。連続でだすと失敗しやすい。,まもる
体をまるめてちぢこまり自分の防御をあげる。,まるくなる
高いエネルギーをまといつつ相手にぶつかって攻撃する。メモリによりタイプが変わる。,マルチアタック
体を素早く回転させながらけとばして攻撃する。相手をひるませることがある。,まわしげり
自分はひんしになるが控えからでてくるポケモンのすべての状態を回復する。,みかづきのまい
自分のHPを少し削って分身をだす。分身は自分の身代わりになる。,みがわり
相手の攻撃をまったく受けない。連続でだすと失敗しやすい。,みきり
鋭いハリを相手に発射して攻撃する。2-5回の間連続でだす。,ミサイルばり
あたりを水でびしょびしょにする。5ターンのあいだほのおタイプの技を弱める。,みずあそび
粘液でできた手裏剣を2-5回の間連続でだす。必ず先制攻撃できる。,みずしゅりけん
水を勢いよく相手に発射して攻撃する。,みずでっぽう
自分の周りにいるすべてを攻撃するが使うと瀕死になる。ミストフィールドで威力があがる。,ミストバースト
5ターンの間地面にいると状態異常にならずドラゴン技のダメージも半分になる。,ミストフィールド
霧状の羽毛で包みこみ攻撃する。相手の特攻をさげることがある。,ミストボール
水の柱で攻撃する。ほのおと組みあわせると威力があがって空ににじがかかる。,みずのちかい
水の振動を相手に与えて攻撃する。相手を混乱させることがある。,みずのはどう
たくさんの水を浴びせかけて相手をみずタイプにする。,みずびたし
つのやくちばしで相手をつついて攻撃する。2-5回の間連続でだす。,みだれづき
ツメやカマなどで相手をひっかいて攻撃する。2-5回のあいだ連続でだす。,みだれひっかき
技をだしたあと攻撃を受けてひんしになったとき攻撃相手もひんしにする。,みちづれ
相手のHPが必ず1だけ残るように手加減して攻撃する。,みねうち
ゴーストタイプに効果がない技や回避率の高い相手に攻撃が当たるようになる。,みやぶる
相手から受けた特殊攻撃のダメージを2倍にしてその相手に返す。,ミラーコート
磨きあげられた体からせん光の力を相手に放つ。命中率をさげることがある。,ミラーショット
相手のタイプを反射して自分も同じタイプになる。,ミラータイプ
技を使った2ターン後に相手に念力の塊を送って攻撃する。,みらいよち
あくタイプに効果がない技や回避率の高い相手に攻撃が当たるようになる。,ミラクルアイ
最大HPの半分自分のHPを回復する。仲間にHPをわけることもできる。,ミルクのみ
月のパワーをかりて相手を攻撃する。相手の特攻をさげることがある。,ムーンフォース
本来の姿となったムゲンダイナ最大の攻撃。次のターンは動けなくなる。,ムゲンダイビーム
かみついて攻撃する。相手がきのみを持っているとき食べてきのみの効果を受けられる。,むしくい
振動で音波をおこして攻撃する。相手の特防をさげることがある。,むしのさざめき
抵抗して相手を攻撃する。相手の特攻をさげる。,むしのていこう
静かに精神を統一し心を鎮めることで自分の特攻と特防をあげる。,めいそう
養分を吸い取り攻撃する。相手に与えたダメージの半分のHPを回復できる。,メガドレイン
ものすごい力をこめたキックで相手をけとばして攻撃する。,メガトンキック
力をこめたパンチで相手を攻撃する。,メガトンパンチ
硬くてりっぱなつのでおもいっきり相手を突き刺して攻撃する。,メガホーン
眠り状態の相手に大きなダメージを与える。かわりに相手は眠りからさめる。,めざましビンタ
全力で踊って攻撃する。この技のタイプは自分のタイプと同じになる。,めざめるダンス
技を使ったポケモンによって相手に与える技のタイプと威力が変わる。,めざめるパワー
鋼鉄のツメで相手を切り裂いて攻撃する。自分の攻撃があがることがある。,メタルクロー
技をだす前に最後に受けた技のダメージを大きくしてだした相手に返す。,メタルバースト
流星のような勢いで突進する。相手の特性を無視して攻撃することができる。,メテオドライブ
1ターン目に宇宙の力を集めることで特攻があがり2ターン目に相手を攻撃する。,メテオビーム
♂なら♀を♀なら♂を誘惑してメロメロにする。相手は技がだしにくくなる。,メロメロ
怒りを炎のようなオーラに変えて攻撃する。相手をひるませることがある。,もえあがるいかり
全身のほのおをすべて燃やして大ダメージを与える。自分のほのおタイプがなくなる。,もえつきる
相手が最後に使った技を戦闘のあいだ自分の技にすることができる。,ものまね
相手に森ののろいをかける。のろいをかけられた相手はタイプにくさタイプが追加される。,もりののろい
命を懸けてこん身の力で相手にずつきをする。自分もものすごいダメージを受ける。,もろはのずつき
炎で相手を攻撃する。相手がきのみを持っているとき燃やして使えなくする。,やきつくす
不満をはらすため全力で相手を攻撃する。なついていないほど威力はあがる。,やつあたり
植えつけた相手のHPを毎ターン少しだけ吸い取り自分のHPを回復する。,やどりぎのタネ
強烈な一撃を相手にくりだす。攻撃は必ず急所に当たる。,やまあらし
♂なら♀を♀なら♂を誘惑して相手の特攻をがくっとさげる。,ゆうわく
相手から技を受けているとその相手に対して技の威力が2倍になる。,ゆきなだれ
指をふり自分の脳を刺激してすべての技のなかからどれか1つをくりだす。,ゆびをふる
寝ている相手の夢を食べて攻撃する。ダメージの半分のHPを回復する。,ゆめくい
強い酸を相手にかけて攻撃する。相手の特防をさげることがある。,ようかいえき
ようせいのかぜを起こし相手に吹きつけて攻撃する。,ようせいのかぜ
眠っている力を体の奥からひきだして自分の攻撃をあげる。,ヨガのポーズ
相手が使おうとした回復技や能力変化の技をうばって自分に使う。,よこどり
ぼうだいな電気を身にまとって相手に突進して攻撃する。まひ状態にすることがある。,らいげき
地面から立ち上る電撃で攻撃。相手がエレキフィールドにいる時技の威力が2倍になる。,ライジングボルト
雷のような動きで相手を翻弄しながらキックする。相手の防御をさげる。,らいめいげり
体の光を一点に集めて力を放つ。相手の特防をさげることがある。,ラスターカノン
まばゆい光を解放して攻撃する。相手の特防をさげることがある。,ラスターパージ
とがったはっぱで相手にあらしをおこす。使うと反動で自分の特攻ががくっとさがる。,リーフストーム
はっぱを剣のようにあやつり相手を切りつけて攻撃する。急所に当たりやすい。,リーフブレード
戦闘中に使ってなくなった自分の持ち物を再生させて使えるようにする。,リサイクル
5ターンのあいだ不思議なかべで相手から受ける物理攻撃のダメージを弱める。,リフレクター
体をやすめて自分がおっている毒まひやけどの状態異常を治す。,リフレッシュ
相手から技を受けているとその相手に対して与えるダメージが2倍になる。,リベンジ
天空からいん石を相手に落とす。使うと反動で自分の特攻ががくっとさがる。,りゅうせいぐん
怒りの衝撃波を相手にぶつけて攻撃する。40のダメージを決まって与える。,りゅうのいかり
ものすごい息を相手に吹きつけて攻撃する。まひ状態にすることがある。,りゅうのいぶき
大きな口から衝撃波をまきおこして相手を攻撃する。,りゅうのはどう
神秘的で力づよい舞を激しくおどる。自分の攻撃と素早さをあげる。,りゅうのまい
すっぱいりんごからつくりだした酸性の液体で攻撃。相手の特防を下げる。,りんごさん
歌で相手を攻撃する。みんなで輪唱すると続けてだすことができ威力もあがる。,りんしょう
冷気をこめたパンチで相手を攻撃する。こおり状態にすることがある。,れいとうパンチ
凍えるビームを相手に発射して攻撃する。こおり状態にすることがある。,れいとうビーム
激しい炎で相手を包みこみ攻撃する。やけど状態にする。,れんごく
カマやツメなどで相手を切りつけて攻撃する。連続で当てると威力があがる。,れんぞくぎり
どとうのパンチで相手をなぐりつけて攻撃する。2-5回のあいだ連続でだす。,れんぞくパンチ
素早い動きで相手の足をねらって攻撃する。相手の素早さをさげる。,ローキック
1ターン目に頭をひっこめて防御をあげる。2ターン目に相手を攻撃する。,ロケットずつき
照準をしっかりあわせて次の攻撃が必ず相手に当たるようにする。,ロックオン
自分の体を磨いて空気の抵抗を少なくする。素早さをぐーんとあげることができる。,ロックカット
硬い岩石を相手に発射して攻撃する。2-5回の間連続でだす。,ロックブラスト
味方全員に当たる攻撃を1ターンのあいだ防ぐ。,ワイドガード
サイコパワーで相手を攻撃する。サイコフィールドの時威力があがりすべての相手にダメージを与える。,ワイドフォース
きょうじんなしっぽを激しくふりはらって相手を攻撃する。相手の攻撃を下げる。,ワイドブレイカー
電気をまとって相手にぶつかって攻撃する。自分も少しダメージを受ける。,ワイルドボルト
綿のようなフワフワの胞子をまとわりつかせて相手の素早さをがくっとさげる。,わたほうし
自分のPPがなくなるとあがいて相手を攻撃する。自分も少しダメージを受ける。,わるあがき
悪いことを考えて頭を活性化させる。自分の特攻をぐーんとあげる。,わるだくみ
煙を噴出して相手を攻撃。混乱させることがある。,ワンダースチーム
まか不思議な空間をつくる。5ターンのあいだすべてのポケモンの防御と特防が入れ替わる。,ワンダールーム
