生まれてしばらくのあいだ背中のタネにつまった栄養をとって育つ。,フシギダネ
何日だってなにも食べなくても元気!背中のタネにたくさん栄養があるから平気だ!,フシギダネ
背中のつぼみが大きく育ってくると2本脚で立つことができなくなるらしい。,フシギソウ
養分を摂って大きくなったつぼみから香りが漂いだすともうすぐハナが開く証拠だ。,フシギソウ
花からうっとりする香りがただよい戦うものの気持ちをなだめてしまう。,フシギバナ
背中に生えた大きなハナは太陽の光を吸収しエネルギーに変換できる。,フシギバナ
生まれたときから尻尾に炎が点っている。炎が消えたときその命は終わってしまう。,ヒトカゲ
尻尾の炎は気分を表現。楽しいときにはゆらゆら炎がゆれて怒ったときにはめらめら盛んに燃える。,ヒトカゲ
鋭いツメでようしゃなくたたきのめす。強敵と向かい合うと気分がたかぶり尻尾の炎が青白く燃えあがる。,リザード
強敵と戦いつづけエキサイトすると青白い炎を吐き出すことがある。,リザード
摂氏2000度の炎が体内で渦巻く。吠えると火力がさらに上がる。,リザードン
地上1400メートルまで羽を使って飛ぶことができる。高熱の炎を吐く。,リザードン
甲羅の役目は身を守るだけではない。丸い形と表面の溝が水の抵抗を減らすので速く泳げるのだ。,ゼニガメ
水面から水を噴射してエサを取る。危なくなると甲羅に手足をひっこめて身を守る。,ゼニガメ
ポカンと頭をたたかれるときこうらに引っこんでよける。でもちょっとだけシッポが出ているよ。,カメール
ふさふさの毛で覆われた大きな尻尾は長生きするほど深い色合いに変わる。甲羅のキズは強者の証。,カメール
甲羅の大砲は戦車並みの威力。発射の衝撃を強靭な足腰で踏ん張る。,カメックス
体が重たくのしかかって相手を気絶させる。ピンチのときは殻に隠れる。,カメックス
身体は柔らかく力もない。自然界では常にエサとして狙われ続ける運命。,キャタピー
赤い触角からにおいを出して敵を追い払う。脱皮を繰り返し大きくなる。,キャタピー
カラの中にはトロトロの中身が詰まっている。ほぼ動かないのはウッカリ中身がこぼれないため。,トランセル
身を守るためひたすらカラを硬くしても強い衝撃を受けると中身が出てしまう。,トランセル
10トントラックをも吹きとばす竜巻に巻きこみつつ猛毒のりんぷんでとどめを刺す。,バタフリー
羽は水を弾くりんぷんに守られている。雨の日でも空を飛ぶことができる。,バタフリー
頭に鋭いハリをもつ。森や草地の茂みに隠れひたすらハッパを食べている。,ビードル
森や草地に多く生息。頭の先に5センチぐらいの小さく鋭い毒針を持つ。,ビードル
ほとんど動かず木につかまっているが中では進化の準備で大忙し。その証拠に体が熱くなっているぞ。,コクーン
自分ではほとんど動けないが危なくなるとハリを出して毒を与えることもあるらしい。,コクーン
高速で飛びまわり毒針で攻撃したあとすぐに飛び去る戦法が得意技だ。,スピアー
両手とお尻にある3本の毒針で相手を刺して刺して刺しまくって攻撃する。,スピアー
おとなしい性格で襲われても反撃せずに砂をかけて身を守ることが多い。,ポッポ
方向感覚にとても優れているのでどんなに離れた場所からでも迷わずに自分の巣まで帰ることができる。,ポッポ
あり余る体力の持ち主で広い縄張りを飛びまわり遠くまでエサを探しにいく。,ピジョン
広い縄張りを飛び回りながら獲物を探す。発達した足のツメで獲物をしとめる。,ピジョン
エサを探すとき水面すれすれを滑るように飛んでコイキングなどをわしづかみにする。,ピジョット
マッハ2で飛行しエサを探す。その大きなツメは武器としても恐れられている。,ピジョット
どんな場所にも住みついて生きていける生命力。警戒心がとても強い。,コラッタ
キバが2つ。とにかくなんでもかじってみる。1匹見つけたら40匹はそこに住んでるはず。,コラッタ
後ろ足についた水かきを使って川を渡り広い範囲でエサを探し回る。,ラッタ
ヒゲはバランスをとる大切な器官。どんなに仲良くなっても触られると怒って噛みつく。,ラッタ
草むらの虫などを食べる。羽が短いためにいつも忙しくはばたいている。,オニスズメ
自分のテリトリーを守るため短い羽をはばたかせて忙しく飛び回っている。,オニスズメ
アローラではさかなポケモンが獲物。海の上を旋回しエサを探す光景が見られる。,オニドリル
長い首とくちばしは土や水の中にいるエサを捕まえるのに便利。細長いくちばしで器用につまむぞ。,オニドリル
顎を外すことで自分より大きな獲物も丸呑みにする。食後は身体を丸め休む。,アーボ
育つほどにどんどん長くなる。そして夜中は木の枝にグルグルと絡まって休む。,アーボ
最新の研究でお腹の模様は20種類以上のパターンがあることが判明。,アーボック
お腹の模様が怖い顔に見える。弱い敵はその模様を見ただけで逃げ出してしまう。,アーボック
膨張したキョダイマックスのパワーによって体がふくれて空まで伸びるしっぽになった。,ピカチュウ
相棒の帽子をかぶっている。シンオウ地方をいっしょに冒険したあかしなのだ。,ピカチュウ
体の電気が溜まりすぎると攻撃的な気持ちになる。しっぽから電気を逃がす。,ライチュウ
ほっぺを揉みしだくと甘くてかぐわしい匂いが漂う。ただし軽く痺れてしまうぞ。,ライチュウ
深い穴を掘って生活。危険が迫ると体を丸め敵の攻撃をじっと耐える。,サンド
乾燥した砂地で砂浴びをするのが好き。体についた汚れと水気を落とすのだ。,サンド
体のトゲは皮膚が硬くなったもの。1年に1回古いトゲが抜け落ちて新しいトゲが下から生えてくる。,サンドパン
よくツメやツノが折れてしまう。折れたツメやツノで土を耕す道具が作られる。,サンドパン
小さい体を守るため強力な毒針が発達したと考えられている。怒るとツノの先から猛毒を出す。,ニドラン♀
小柄でとてもおとなしい。襲われると小さな毒針を使って戦い身を守る。,ニドラン♀
子供にエサを分け与えるとき親がかみくだきやわらかくしたエサを吐き戻して与える。,ニドリーナ
巣穴の奥にいるときは必ずトゲトゲが引っこむ。リラックスしている証拠だ。,ニドリーナ
よろいのように硬いウロコが全身を包む。巣穴の子供を命がけで守る。,ニドクイン
硬いウロコで覆われた体をぶつけて相手を弾き飛ばす攻撃が得意だ。子どもを守るときが一番強い。,ニドクイン
草むらの上に耳だけ出してまわりの気配を探る。猛毒のツノで身を守る。,ニドラン♂
耳が大きく遠くの音を聞くときはばたくように動く。怒ると毒針を出す。,ニドラン♂
ダイヤモンドより硬いツノで岩石を砕いてまわる。つきのいしを探しているのだ。,ニドリーノ
ダイヤモンドよりも硬いツノを持つ。敵の気配を感じると背中のトゲが一斉に逆立ち全力で立ち向かう。,ニドリーノ
石のように硬い皮膚と長く伸びたツノが特徴。ツノには毒もあるので注意。,ニドキング
尻尾の一撃は電柱をまるでマッチ棒のように真っ二つにへし折ってしまう。,ニドキング
月の光を背中の翼に集めて空中に浮かぶ。見つけるのが難しいポケモン。,ピッピ
愛くるしい仕草と姿で老若男女問わずに人気だがその数は少ない。,ピッピ
1キロ先で落ちた針の音も聞き分ける優れた耳を持つ。静かな山奥に住んでいる。,ピクシー
1キロ先で落ちた針の音を聞き分ける耳と用心深さで滅多に人前に現われない。,ピクシー
マイナス50度の冷気を吐く。アローラの老人はケオケオという昔の名前で呼ぶことも。,ロコン
アローラ地方の万年雪が積もる山で長年暮らすうち氷の能力を手に入れた。,ロコン
口から吹いた揺らめく炎で催眠状態にして獲物を襲う非常に賢いポケモン。,キュウコン
9本のしっぽには神秘的な力が宿っていると伝わる。1000年生き続けるらしい。,キュウコン
声の波長を自在に変えて聞くと絶対に眠くなる不思議なメロディーを歌う。,プリン
つぶらなひとみをみつめていると眠らずにはいられないほどの心地よい歌を歌いはじめる。,プリン
キメ細やかな体毛は極上の肌触り。息を吸い込んでふくらむ。,プクリン
ボディーに弾力性があり怒らせると息を吸いこんでどんどん大きくふくらむ。,プクリン
口から出す超音波で両目がなくてもまわりの障害物を察知できる。,ズバット
超音波をだして周りの様子を確かめながら飛ぶので両目がなくても大丈夫。,ズバット
小さな足で器用に歩く。寝ている獲物に忍びよりキバを突きたて血をすするのだ。,ゴルバット
血を吸い過ぎて飛べなくなり地面に落ちて他のポケモンの餌食になっていることも。,ゴルバット
別名アルキメンデス。夜になると2本の根っこで300メートルも歩くという。,ナゾノクサ
昼間地面の中に体を埋めて土の栄養を全身で吸い上げている。肥えた土ほど葉っぱにツヤが出るという。,ナゾノクサ
危険を感じるとめしべの放つくさい臭いがさらに強まるが心が穏やかなときはくさい臭いを出さないのだ。,クサイハナ
口からたれているミツは2キロ離れていても鼻がまがるほど猛烈にくさい。,クサイハナ
花びらが大きいほどたくさん花粉を出すが頭が重たくて疲れてしまうという。,ラフレシア
世界一大きな花びらは歩くたびに揺れて大量の毒花粉をばらまいている。,ラフレシア
冬虫夏草というキノコが虫を操っているのだ。虫の意思は無視される。,パラス
喰っても喰っても背中に生えているキノコがほとんど栄養を奪っていくのだ。,パラス
キノコのカサから毒の胞子を撒き散らす。胞子を集めて煎じると漢方薬になる。,パラセクト
ムシの体より大きくなったキノコの意思で活動する。湿った場所を好むという。,パラセクト
小さな目がたくさん集まって大きな目になっている。夜になると明かりに集まる。,コンパン
身を守るために細く硬い体毛が全身を覆うようになったといわれる。小さな獲物を見逃さない目を持つ。,コンパン
夜行性で夜に活動を始める。街灯の灯りに誘われ集まった小さな虫を好んで食べる。,モルフォン
羽にりんぷんがついていてヒラヒラと羽ばたくたびに猛毒の粉をばらまく。,モルフォン
地下で木の根をかじる。育てる野菜の品種によっては農家に害をなすポケモン。,ディグダ
金色の髭はセンサー機能を持っている。穴からだして周りの様子をうかがっている。,ディグダ
金属質の髭は重いので素早さはいまいちだが硬い岩盤も掘りぬくパワーを持つ。,ダグトリオ
3つの頭が互い違いに動いてどんなに硬い地層も地下100キロまで掘り進む。,ダグトリオ
昼間はだらだら寝て過ごし日が暮れるころに活動開始。夜の街でコインを探す。,ニャース
額の小判はより黒いほど硬く仲間から尊敬される。勇猛で恐れを知らない。,ニャース
自分以外のすべてを見下す。不意打ちや闇討ちなどひれつでひきょうな戦法を好む。,ペルシアン
額に宝石が輝く!また歩く姿もしなやかで王女のような華やかさがある。,ペルシアン
頭痛で普段眠っている脳細胞が刺激されると不思議な力が使える。,コダック
いつも頭痛に悩まさせている。この頭痛が激しくなると不思議な力を使い始める。,コダック
泳ぐスピードはポケモン中で一番。嵐で大荒れの海でもへっちゃら。難破船から人を助けることもある。,ゴルダック
発達した手足の水かきが恐るべきスピードを生み出す。ポケモンいち泳ぎが得意。,ゴルダック
木の上で生活している。群れの1匹が怒り出すと全員が意味もなく暴れ出す。,マンキー
前触れもなく突然怒る。暴れまくって誰もいなくなると孤独に耐えられなくてまた怒る。,マンキー
視線が合っただけで怒り逃げ出したらまた怒り叩きのめしてもまだ怒る。,オコリザル
激しく怒ることで血行が良くなり筋肉の力を強くするのだ。ただし頭の回転は遅くなるぞ。,オコリザル
自分より強くて大きな相手にも恐れずに立ち向かう勇敢で頼もしい性格。,ガーディ
慣れれば人懐っこいのだが野生ではイワンコと縄張りを巡って激しく争っている。,ガーディ
東洋で伝説のポケモン。軽やかに走るその姿に虜にされる者も多い。,ウインディ
堂々とした鳴き声は威厳にあふれ聞いたものは思わずひれ伏してしまう。,ウインディ
内臓が透けて見えるほど皮膚が薄い。生えたばかりの足は歩くことが苦手。,ニョロモ
渦巻き模様の内臓が透けてしまうほど薄い皮膚だが鋭いキバをはね返す弾力を持っているのだ。,ニョロモ
襲われそうになるとお腹の渦巻きを使って相手を眠らせその隙に逃げるらしい。,ニョロゾ
お腹の渦巻きは微妙にうねっているのでみつめているとだんだん眠くなってしまう。,ニョロゾ
クロールやバタフライが得意でオリンピックの選手でもぐんぐんと追い抜いていく。,ニョロボン
強靭な筋肉を持つ。太平洋を休むことなく泳ぎ続けることができるのだ。,ニョロボン
毎日18時間眠る。目覚めているときも座ったままテレポートで移動する。,ケーシィ
1日18時間は寝ている。眠っているあいだでもさまざまな超能力を使う。,ケーシィ
超能力を発揮すると強いアルファ波を出して精密機械を壊してしまう。,ユンゲラー
銀のスプーンはアルファ波を高める。スプーンがないといつもの半分しか超能力を使えなくなるという。,ユンゲラー
生まれてから体験したすべてを覚えているほどの記憶力。知能指数は5000を超える。,フーディン
スーパーコンピュータより素早く計算する頭脳を持つ。知能指数はだいたい5000。,フーディン
大人100人を投げ飛ばすほどの怪力は毎日ゴローンを持ち上げることでつくられる。,ワンリキー
どんなに鍛えても筋肉痛にならないボディを持つポケモン。人里離れた山で暮らす。,ワンリキー
鍛えあげた筋肉は鋼の硬さ。相撲取りの体も指1本で楽々持ちあげてしまう怪力のポケモンだ。,ゴーリキー
すごく強靭な肉体なのでパワーセーブベルトをつけて強さを制御している。,ゴーリキー
メガトン級のパンチを放ち立ちふさがる敵を地平線の彼方までぶっ飛ばすのだ。,カイリキー
1本でも山を動かせる力をもった腕を4本すべて使って凄いパンチをくり出す。,カイリキー
ひょろっとした体つきだが獲物を捕らえるときの動きは目にもとまらないほど素早い。,マダツボミ
高温多湿の土地を好む。ツルを伸ばして獲物を捕らえるときの動きはとても素早い。,マダツボミ
植物にそっくりなポケモン。油断して近寄ってきた獲物に毒の粉を浴びせて捕まえる。,ウツドン
夜になるとお尻のフックを木の枝に引っ掛けてぶら下がり眠りにつく。寝相が悪いと朝落っこちているよ。,ウツドン
ミツのような香りの液体を口に溜めているがそれはなんでも溶かす溶解液だ。,ウツボット
頭についた長いつるを小さな生き物のように動かし獲物を誘う。近づいてきたところをぱくりとひとのみ。,ウツボット
体のほとんどが水分。水晶のような目玉から不思議なビームを発射する。,メノクラゲ
体のほとんどが水でできているので海から出るとからからに干からびてしまう。干からびたときは海に戻してあげよう。,メノクラゲ
頭の赤い玉を激しく点滅させて仲間に危険を知らせるのだ。,ドククラゲ
80本の触手を持つ。獲物を絡め取り毒で弱るまで絶対に逃がさない。,ドククラゲ
そこらの道端にいくらでもいる。ヒマな学者が数えてみたら1つの道路に100匹いた。,イシツブテ
石ころと間違え踏んでしまうと怒って頭突きをかましてくる。痛いだけでなくビリッと来るぞ。,イシツブテ
山道を転がって移動。勢いがついてくるとどんなポケモンでも止めるのは大変。,ゴローン
山道を転がり下りるとき邪魔なものは片っ端から跳ね飛ばしかつ感電させる。,ゴローン
1年に1回脱皮する。岩石のような硬い体はダイナマイトでも傷つかない。,ゴローニャ
脱皮したてのときは全体が白っぽく柔らかいがすぐに空気にふれて硬くなる。,ゴローニャ
親のあとを追いかけるうちに強靭な足腰になる。1日中野山を駆け回る。,ポニータ
生まれたばかりでは立つのがやっと。だが走るほどに足腰は鍛えられて速度が増していく。,ポニータ
勇猛果敢で誇り高い。足先の毛にサイコパワーをためて軽やかに森を駆ける。,ギャロップ
いつもはのんびり野原を駆けまわっているが一度本気を出すとたてがみの炎が燃えあがり時速240キロで走りだす。,ギャロップ
しっぽを水に浸すと甘味がにじみ出るのでそれをエサにポケモンをおびき寄せ釣りあげる。,ヤドン
尻尾を川に入れてエサを釣っているがそのうちなにをしているのか忘れてしまい川べりに寝そべったまま1日を終える。,ヤドン
凄まじいエネルギーがシッポのシェルダーの力を強化した。ヤドンには特に影響なし。,ヤドラン
シェルダーにしっぽを噛まれて進化。シェルダーはしっぽからにじみ出る甘味に夢心地だ。,ヤドラン
左右のユニットから重力をさえぎる力を出すので空中に浮かべる。,コイル
生まれつき重力をさえぎる能力をもち電磁波を出しながら空中を移動。,コイル
謎の電波を発信しており半径1キロの範囲では気温が2度上がる。,レアコイル
3匹のコイルが連結した。強力な電波を放ちまわりの様子を観測する。,レアコイル
自分の巣を作るための植物の茎を1本いつも持って歩いている。,カモネギ
羽でもつ茎を刀のように操り敵を切り捨てる。いざというときはエサにする。,カモネギ
2つの頭が同時に眠ることはない。寝ているとき敵から襲われないように代りばんこで見張りをしているからだ。,ドードー
2つの頭の脳みそはテレパシーのような力で気持ちを通じ合わせてるらしい。,ドードー
3つあるのは頭だけではないらしい。心臓と肺も3つなので息切れしないで長い距離を走ることができるのだ。,ドードリオ
3つのあたまが見ている前でわずかでもすきを見せるとクチバシで激しくつつかれる。,ドードリオ
冷たい海にしか棲まないと考えられてきた。アローラに現れる理由はナゾ。,パウワウ
氷に覆われた海でエサを採る。息継ぎをするときは頭の出っ張りで氷を割って海から顔を出す。,パウワウ
流線型の体は水の抵抗も少なく8ノットのスピードで冷たい海を泳ぐ。,ジュゴン
冷たい氷の上で寝るのが大好き。昔氷山で眠る姿を見た船乗りが人魚と間違えた。,ジュゴン
海底のヘドロから生まれた。清潔な場所では体内のばい菌が増やせず死んでしまう。,ベトベター
ドロドロブヨブヨした体はどんなに細いすき間にも入り込むことができる。下水管に潜って汚い水を飲む。,ベトベター
やたら鮮やかな身体の色は喰らったゴミが体内で常に化学変化を起こしているから。,ベトベトン
ヘドロがたまる臭い場所を好んで集まってくるのであたりは一層臭くなる。,ベトベトン
常に出しっぱなしのベロを器用に使って海底の砂を掘り起し餌を探す。,シェルダー
カラを閉じているときもベロだけは出しっぱなし。強く引っ張ると驚きカラを開いてしまうよ。,シェルダー
殻から抜けたトゲで造ったヤリが狩猟民族の古墳からたくさん出土する。,パルシェン
ヤドンのシッポが大好物。ときには陸にはいあがってまでヤドンを探すこともあるほど。,パルシェン
古くなって誰も住まなくなった建物に発生するらしい。形はあいまいでガスのよう。,ゴース
ガスでできた薄い体はどんな大きさの相手も包みこみ息の根を止める。,ゴース
光におびえ闇夜を好む。夜中も明るい都会では絶滅の危機にあるという。,ゴースト
どんなものでもすり抜けられる。壁の中に潜りこんで相手の様子を観察する。,ゴースト
山で遭難したとき命を奪いに暗闇から現れることがあるという。,ゲンガー
すべてのものの命を狙う。主であるトレーナーにさえ呪いをかけようと狙っているぞ。,ゲンガー
脳みそに磁石があるので土の中を掘り進んでいても方向を間違えない。年を取るほど体は丸みを帯びる。,イワーク
大きく丈夫な体をくねらせよじらせ時速80キロで地面を勢いよく掘り進む。,イワーク
レジャー施設の近くで姿を見かける。その晩子どもが見る楽しいユメを狙っているのだ。,スリープ
突き出た鼻をひくひくさせると見ている夢がわかるという。大好物は楽しい夢だ。,スリープ
手に持っている振り子の動きと輝きが相手を深い催眠状態に落とす。獲物を探しながら振り子を磨いている。,スリーパー
出会った者を取りあえず眠らせその夢を味見。いい夢を見ていたらそのまま連れ去る。,スリーパー
砂浜に穴を掘って暮らす。ハサミは戦いで取れてもまた生えてきて元通り。,クラブ
強力な武器となるハサミは攻撃のときまれにもげるが後からすぐに生えてくる。,クラブ
破壊力抜群の大きなハサミだが重すぎるので戦わないときはじゃまになる。,キングラー
キョダイマックスのパワーによって巨大になった左のハサミはなんでも粉々にすり潰す。,キングラー
モンスターボールをつくっている会社で初めて発見されたことと姿形が似ていることの関係はまだナゾである。,ビリリダマ
モンスターボールに似ているのは保護色のためだと言われるが意外と簡単に自爆する。,ビリリダマ
あふれるほどの電気エネルギーを体内にためこんでいるので少しの刺激で爆発する。,マルマイン
電気に引き寄せられる性質を持つ。主に発電所に集まってきてつくったばかりの電気を食べてしまう困りものだ。,マルマイン
6匹で1人前のポケモン。マケンカニによく狙われるが念力を使って撃退する。,タマタマ
なにかのタマゴのようだがじつは植物のタネにちかい生き物であることがわかった。,タマタマ
鳴き声がにぎやかなのは3つある頭がそれぞれ好きなことを考えているからだ。,ナッシー
それぞれの頭に意思がありテレパシーで話し合いみんなでなにをするのか決めている。,ナッシー
母親のホネを被っているので素顔も表情もわからない。ただいつもずっと泣いているぞ。,カラカラ
死に別れた母親を思い出し泣くと頭に被った骨の中で物悲しく響くのだ。,カラカラ
リズミカルにホネを打ち鳴らし仲間と連絡を取りあっている。そのパターンは50近くあるのだ。,ガラガラ
母親に会えない悲しみを乗り越えたカラカラがたくましく進化した姿。鍛えられた心は簡単にくじけない。,ガラガラ
キックがあたる瞬間!足のウラがダイヤモンドのように硬くなって相手を破壊する。,サワムラー
脚が自由に伸び縮みして遠く離れている場合でも相手を蹴り上げることができる。,サワムラー
空気をも切り裂くパンチ。だが3分間攻撃するとひと休みしたくなるらしい。,エビワラー
空気を切り裂くパンチ。かすっただけで火傷になるほどパンチのスピードは速いのだ。,エビワラー
2メートルもある舌を伸ばすとしっぽが震えるのでこの2つはつながっている可能性がある。,ベロリンガ
長いベロでなんでもベロリと舐めて確かめている。舐められた部分を放っておくとかぶれるぞ。,ベロリンガ
薄いバルーン状の体に猛毒のガスが詰まっているのでときどき大爆発を起こす。,ドガース
薄いバルーン状の体に猛毒のガスがつまっている。近くに来るとくさい。,ドガース
2つの体でガスを混ぜる。むかしのガラルではそこらじゅうで姿を見かけたらしい。,マタドガス
ゴミからでる毒ガスを吸いこみ体内で混ぜ合わせさらに強烈な臭いをまきちらす。,マタドガス
硬い皮膚で覆われた体。体当たりでビルも倒す。残念ながら頭は悪い。,サイホーン
走っているうちに目的を忘れるほど脳みそが小さく頭が悪いぞ。なにかを壊すとたまに思い出すらしい。,サイホーン
進化して後ろ足だけで立つようになった。ツノで突くと岩石にも穴を開けてしまう。,サイドン
後ろ足で立つようになり脳が大きくなった。ドリルのツノで岩をくり抜きトンネルを掘る。,サイドン
傷ついたポケモンや人がいると栄養満点のタマゴを生み分け与える優しいポケモン。,ラッキー
タマゴは栄養満点で味も抜群。高級な食材として扱われる。,ラッキー
青いツルに覆われている。ツルに隠れている顔を見た者はまだいない。,モンジャラ
ツルは独特の香りがする。ガラルの一部の地域ではハーブとして使われている。,モンジャラ
お腹の袋に我が子を入れて守る。子どもを傷つけた者は絶対に許さず叩きのめす。,ガルーラ
お腹の子どもはおよそ3年で親離れする。母親が大声で鳴くのはその時だけ。,ガルーラ
潮の流れが穏やかな海に棲む。襲われると真っ黒な墨を吐いてその隙に逃げだす。,タッツー
水面から勢いよく墨を発射して飛んでいる虫を撃ち落とすことがあるという。,タッツー
羽と尻尾を素早く動かし前を向いたまま後ろへ泳ぐこともできるポケモン。,シードラ
オスが子どもを育てる。子育て中は背中のトゲの毒素が強く濃くなるのだ。,シードラ
川や池を泳ぐことが大好きなので水槽なんかに入れていたらぶ厚いガラスもツノの一突きで割って逃げるぞ。,トサキント
尾びれをドレスのように揺らして優雅に泳ぐ姿はまるで水中の女王。,トサキント
秋になるとプロポーズのため体に脂がのってきてとてもきれいな色に変化する。,アズマオウ
タマゴを守るためオスとメスは交代で巣の周りを泳ぎ回りパトロールする。タマゴがかえるまでひと月以上続く。,アズマオウ
海辺に多く現れ夜になると中心が赤く点滅する。,ヒトデマン
ネオラントなどにかじられるが赤いコアがある限りすぐに再生するので気にしていない。,ヒトデマン
強烈なサイコパワーを放つときコアと呼ばれる器官が七色にきらめく。,スターミー
星型の体をスクリューのように回転させて水中を泳ぎ回る。中央にあるコアが七色に光る。,スターミー
素晴らしいパントマイムの腕前。見とれている間にいつの間にか本当に壁ができているのだ。,バリヤード
パントマイムが得意。指から出した波動で壁をつくりあまたの攻撃から身を守る。,バリヤード
目にも止まらぬ早業は空気を切り裂くほど。ニンジャと呼ばれアローラでは大人気。,ストライク
目にも止まらぬスピードが両腕のカマの切れ味をさらに鋭くするのだ。一振りすれば大木も真っ二つだ。,ストライク
腰を振るように歩いている。油断をすると思わず釣られて踊ってしまうという。,ルージュラ
鳴き声はまるで人間の言葉のように聞こえるが意味はまったく理解できない。,ルージュラ
強い電気が大好物で大きな発電所などにしばしば現れる。,エレブー
餌で喰う電気量よりも身体から漏れる電気量のほうが圧倒的に多い。,エレブー
火山の火口で生まれ育った。太陽と同じような炎のゆらめきが全身を覆う。,ブーバー
火山の火口近くで見つかった。口から炎を吐く。体温は1200度もある。,ブーバー
長いツノを振り回して攻撃してくる。寒いときは森の奥に姿を隠す。,カイロス
クワガノンと縄張りを争う。アローラではなぜかヘラクロスと結構仲が良いらしい。,カイロス
しっぽで自分の体を叩きだしたら危険だぞ。猛スピードで突っ込んでくる。,ケンタロス
いつも暴れていないと気がすまない。戦う相手がいないときは大木にぶち当たりなぎ倒すことで気を静める。,ケンタロス
流れの速いところではただ流されていくだけのひ弱で情けないポケモン。,コイキング
遥か大昔はそれなりに強かったが時が経つにつれてどんどんどんどん弱くなっていった。,コイキング
破壊光線をはきまくりあたり一面を焼き尽くす。破壊の神と呼ぶ地方もある。,ギャラドス
争いの起こった村を焼きつくしたという記録が古文書に残されている。,ギャラドス
背中の甲羅には5000人以上の人間を乗せられる。揺れもなく乗り心地抜群。,ラプラス
人の言葉を理解する高い知能を持ち背中に人を乗せて海を泳ぐのが好きなポケモン。,ラプラス
体の細胞の作りを自分で組み替えてほかの生命体に変身する。,メタモン
細胞を組み替えみた相手そっくりに姿を変化させる。再現度は個体による。,メタモン
キョダイマックスパワーでさらにもふもふした首まわりの綿毛で敵を包みこみとりこにする。,イーブイ
暮らしている環境で突然変異する不安定な遺伝子を持つポケモン。石の放射線が進化を引き起こす。,イーブイ
綺麗な水辺が主な棲み処。外敵に襲われそうになると水に飛び込み姿を隠す。,シャワーズ
体の細胞の作りが水の分子に似ているので水に溶けることもできる。,シャワーズ
体内に電気がたまると全身の体毛が全部鋭くとがりはじめる。,サンダース
肺の中に電気を生み出す器官がある。吐息に混ざって電気の音がバチバチ聞こえる。,サンダース
ふさふさの体毛は上がり過ぎた体温を空気に放熱して下げる機能を持つ。体温は最高900度まで上がるぞ。,ブースター
体内に炎袋を持つ。戦いがはじまる直前には体温が900度まであがる。,ブースター
唯一宇宙まで飛んでいけるポケモンと期待されているが未だに成功例はない。,ポリゴン
研究の末生み出された人工のポケモン。基本的な動作しかプログラムされていない。,ポリゴン
古代の海に生きていたポケモン。アーケオスのエサだったようで歯型のついた化石が見つかる。,オムナイト
古代の化石から復元された。大昔海だった場所からかいのカセキが発掘される。,オムナイト
一度巻きついたら絶対に離れない。鋭いキバで獲物を引き裂くように食べる。,オムスター
重いカラが原因で滅んだと考えられている古代ポケモン。オクタンの遠い祖先らしい。,オムスター
古代生物の化石から再生したポケモン。硬い殻で身を守っている。,カブト
3億年前に栄えたポケモン。とある地方では今でもまれに生きた姿が見られると言う。,カブト
陸でも活動できるよう身体が変化を始めていたが間に合わず絶滅してしまった。,カブトプス
およそ29ノットで泳ぐ。素早く獲物に近付くとカマで切り裂き止めを刺す。,カブトプス
古代の大空の王者。巨大隕石の落下で絶滅した説が根強い。,プテラ
コハクから取り出した遺伝子を再生して復活した恐竜時代のポケモン。空の王者だったと想像されている。,プテラ
頑丈な胃袋はカビの生えたものや腐ったものを食べても壊れることはない。,カビゴン
眠っているとき以外はエサを食べ続ける。1日に400キロ食べないと満腹にならない。,カビゴン
氷を自在に操る力をもつ。永久凍土の雪山に棲んでいるという。,フリーザー
サイコパワーでつくった羽根の刃はぶ厚い鉄板も紙のように切り裂く。,フリーザー
電気を自在に操る。真っ黒な雷雲の中に巣があると言い伝えられている。,サンダー
雷雲の中にいると言われる伝説のポケモン。雷を自在に操る。,サンダー
昔から火の鳥伝説として知られる。羽ばたくたびに羽が明るく燃え上がり美しい。,ファイヤー
烈火のごとき邪悪なオーラに当てられると精魂が尽き果て真っ白に燃えつきてしまうのだ。,ファイヤー
滝つぼなど流れの激しい水辺で暮らしている。脱皮を繰り返して大きく育つ。,ミニリュウ
目撃者が少ないために幻のポケモンと呼ばれていた。脱皮した皮が見つかっている。,ミニリュウ
オーラに包まれる神聖な生き物らしい。天気を変える力を持つと言われている。,ハクリュー
目撃した人の話によると体からはオーラが出されて神秘的だったという。,ハクリュー
16時間で地球を1周できる。嵐で難破しかけた船を見つけると陸地まで誘導する優しいポケモン。,カイリュー
心やさしいポケモンで海で溺れた人間やポケモンを助けたという話をよく聞く。,カイリュー
ミュウの遺伝子を組み替えて生み出された。ポケモンで一番凶暴な心を持つという。,ミュウツー
サイコパワーが身体の筋肉を増強。握力は1トン。100mを2秒で走れるぞ。,ミュウツー
絶滅したと言われているが目撃情報があとを絶たない幻のポケモン。,ミュウ
すべてのポケモンの遺伝子をもつという。自由自在に姿を消すことができるので人に近づいてもまったく気づかれない。,ミュウ
頭の葉っぱからほのかに甘い香りが漂う。おとなしくて日差しを浴びるのが大好き。,チコリータ
葉っぱを振り回して相手を威嚇するが葉っぱから甘い香りが漂うのでお互いに和やかな雰囲気になるよ。,チコリータ
首のまわりから発散するスパイスのような香りには元気を出させる効果がある。,ベイリーフ
首回りのつぼみからにおうスパイシーな香りはかいだ人を元気にさせる。,ベイリーフ
花の香りは気持ちを穏やかにする。戦いのときは香りを発散させて相手の戦う気持ちを鈍らせるのだ。,メガニウム
花びらから発散されるにおいには争う気持ちを静める成分が含まれる。,メガニウム
おくびょうな性格。驚くと背中の炎が一段と強く燃え上がる。,ヒノアラシ
背中から炎を噴き上げて身を守る。怒ったときの炎は勢いがいいが疲れているときは不完全燃焼する。,ヒノアラシ
戦闘中背中を向けたら要注意。背中の炎で攻撃してくる前触れだ。,マグマラシ
炎の熱で相手を威嚇。戦う体勢になると炎の勢いが増す。,マグマラシ
怒りが最高潮のとき触ったものすべて一瞬で燃え上がらせるほどに熱い。,バクフーン
灼熱の炎で周りに陽炎をつくりだして姿を隠すことができる。燃えあがる爆風はすべてを焼き尽くすぞ。,バクフーン
発達したアゴを持ちなんにでもかみつく習性。トレーナーも注意が必要。,ワニノコ
発達したアゴはパワフルでなんでもかみくだいてしまうので親のトレーナーでも要注意。,ワニノコ
キバは抜けても次から次に生えてくる。いつも口の中には48本のキバがそろっている。,アリゲイツ
一度かみつくとキバが抜けるまで絶対に離さない。抜けたキバはすぐに生えてくる。,アリゲイツ
大きく力強いアゴでかみつくとそのまま首を振って相手をずたずたに引きちぎる。,オーダイル
普段はゆっくりとした動きだが獲物にかみつくときは目にも止まらないスピードだ。,オーダイル
眠るときには交代で見張りをする。危険を察知すると仲間をおこすのだ。群れからはぐれると怖くて眠れなくなる。,オタチ
遠くまで見れるように尻尾を使って立つ。敵を見つけると大声で仲間に知らせる。,オタチ
敵に襲われても細いすき間にするりと潜り込んで逃げることができる。手足は短いがとてもすばしっこい。,オオタチ
細長い体の形に合わせた巣を作り他のポケモンは入れなくしている。,オオタチ
いつも一本足で立っている。脚を入れ替える瞬間は素早くてなかなか見られない。,ホーホー
毎日決まった時間に鳴く。時を告げる神の使いとして昔の人は大切にしていた。,ホーホー
ものごとを考えだすと首を180度回転させて頭の働きを高める。,ヨルノズク
少しの光があれば暗闇でも見分けられる特殊な目を持つ。,ヨルノズク
臆病ですぐに群れを作る。脚から出る液体のにおいで自分の居場所を知らせる。,レディバ
群れを作らないと不安で動けなくなるほどおくびょう。においで気持ちを伝え合う。,レディバ
星明りがエネルギーといわれるが普通に木の実も大好物。昼間は草に包まって寝てる。,レディアン
背中の模様は夜空の星と関係していると言われているが詳しいことはまだ不明のまま。,レディアン
キバの毒はさほど強くないが巣にかかって動けない獲物を弱らせるには充分。,イトマル
細くて丈夫な糸を張り巡らしてわなを仕掛けると獲物がかかるのをひたすら待つ。,イトマル
足の先端には小さなカギヅメがあり天井や垂直の壁も歩ける。細く丈夫な糸で敵を絞めあげる。,アリアドス
お尻からだけでなく口からも糸を出すので見ただけではどっちが頭かわからない。,アリアドス
4枚に増えた羽を使いさらに速く静かに飛んで獲物に気づかれず忍びよる。,クロバット
両足も羽になった結果地上での動きは苦手。はいずりまわることしかできない。,クロバット
2本の触手は元はヒレ。電気を放って獲物をしびれさせてから襲う。,チョンチー
プラスとマイナスの電気を触手の先から流す。敵を感電させてしまうのだ。,チョンチー
(ムーン)強い光を放ち獲物の目をくらませる。隙ができたら電撃をお見舞いする。,ランターン
深海の星と呼ばれるポケモンだ。触手の中のバクテリアと体液を化学反応させることで光をつくる。,ランターン
まだまだ電気をためるのが下手。驚いたり笑ったりするとすぐに放電してしまう。,ピチュー
雷雲がでているときや空気の乾燥した日は電気がたまりやすい。パチパチ静電気の音が鳴っているよ。,ピチュー
お星さまのようなシルエット。その姿から流れ星に乗ってやって来ると信じられている。,ピィ
流れ星の多い夜に群れ輪になってダンス。その姿を見るとちょっといいことがあるよ。,ピィ
マシュマロみたいな触り心地の体からほんのり甘いにおいが漂ってくるよ。においは敵の気持ちを穏やかにする。,ププリン
ほんのり甘い香りがしてよく弾む柔らかい体は一度弾みだすと止まらない。,ププリン
みんなの感じた優しさやうれしさを幸せに変えている。殻の中は幸せばかりだ。,トゲピー
幸運のシンボル。殻の中には幸せがたくさん　つまっているという。,トゲピー
幸運をもたらすポケモンといわれている。純粋な心の持ち主をみつけると姿をあらわし幸せを分け与える。,トゲチック
優しい人のそばにいないと元気が出なくなってしまう。羽を動かさずに空に浮かべる。,トゲチック
器用に木の幹を駆け登る。枝先にできた新しい木の芽を好んでついばむ。,ネイティ
まだ飛べないがジャンプ力は抜群。高い木の枝に飛び上がり木の芽をついばむ。,ネイティ
朝方昇る太陽をじっと見つめ祈りをささげるとほとんど動かず1日を終える。,ネイティオ
未来を予知する力があるが未来を変えるほどの力は持っていないといわれるポケモン。,ネイティオ
体毛がこすれて静電気がたまる。電力が沢山たまるほど尻尾の先についた電球が明るく光る。,メリープ
ふわふわの体毛は静電気がたまると2倍に膨らむ。触ると感電してしまう。,メリープ
産毛すらはえなくなった部分の皮膚はゴムのように電気をさえぎるので自分はしびれない。,モココ
毛の生えていないゴムのような皮膚は電気を通さないので触っても安全なのだ。,モココ
しっぽの先はまぶしく光り遠く離れた外国まで届き海の道標となる。,デンリュウ
膨大なエネルギーが細胞を激しく刺激。眠っていたドラゴンの血が目覚めたらしい。,デンリュウ
南国に多く生息する。踊るとき花びらが触れあい心地よい音が鳴り響く。,キレイハナ
よく水を弾く体毛は冷たい海から上がったときでもすぐに乾いて寒くないのだ。,マリル
全身の体毛は水を弾く性質を持ち水浴びしても乾いている。,マリル
空気が詰まった泡を作る。ルリリが川で遊ぶときはこの泡で包んであげるのだ。,マリルリ
1日のほとんどを水中ですごす。晴れた日には水面に浮かんで日向ぼっこをする。,マリルリ
お年寄りを中心に人気。緑の部分が大きいほどマニアの評価はあがるらしい。,ウソッキー
攻撃されないようにひたすら木のマネをしているが水は苦手で雨になるとどこかに逃げ出す。,ウソッキー
鳴き声が響きわたるとあちこちからニョロモやニョロゾたちが集まってくる。,ニョロトノ
がなるような鳴き声なのにとある作曲家は影響を受けて美しいバラードを作った。,ニョロトノ
とても軽い体。吹き飛ばされないようにしっかり地面を踏みしめている。,ハネッコ
風に乗ってふわふわ漂うポケモン。強風の気配を感じると仲間同士葉っぱを絡め飛ばされない準備をする。,ハネッコ
太陽の光を浴びるため花びらを広げるだけでなく近づこうと空に浮かんでしまう。,ポポッコ
気温が高くなると花開く。空に浮かんで日差しをいっぱい浴びようとする。,ポポッコ
どんな風にあおられても綿毛を自在に操って世界の好きなところへ行ける。,ワタッコ
季節風に流されて世界を1周してしまう。途中で綿胞子をばらまく。,ワタッコ
手を伸ばしても届かない枝に生える果物をしっぽで採る。本物の腕よりも器用。,エイパム
しっぽを使って枝を飛び移りながらあちこちへ移動するよ。力強くて器用なしっぽは茂みを切り払うこともできるんだ。,エイパム
体にためた栄養は進化のときまで取っておくためほとんど動こうとしない。なにも食べずに朝露だけを飲んでいる。,ヒマナッツ
葉っぱの裏側にたまった朝露だけを飲んで暮らす。他にはなにも食べないという。,ヒマナッツ
浴びた日差しをエネルギーに変換するため昼間はずっと太陽の方を向いている。,キマワリ
暖かい日差しがエネルギー。太陽を追いかけて移動する習性で知られている。,キマワリ
高速で羽ばたくことで空中を自由自在に飛ぶ。急停止だってへっちゃら。,ヤンヤンマ
ハネを高速ではためかせて空中で停止しながら自分の縄張りを見張っている。,ヤンヤンマ
冷たい水の中で暮らす。水底の泥に体を半分埋めて眠る。,ウパー
地上を歩くときは皮膚が乾燥しないように毒の粘膜で体を被っている。,ウパー
のんびりとした性格で気ままに泳いではいつも船底に頭をぶつけている。,ヌオー
体はいつもぬめっている。泳ぐたびに川底に頭をぶつけているが気にしていない。,ヌオー
空気の流れを読むことであらゆることを予知する力を持っているよ。トキシキの森では道に迷わないよう導いてくれているようだったね。,エーフィ
額の珠からサイコパワーを放射して戦う。パワーがつきると珠の色がくすむ。,エーフィ
(サン)怒ると全身の毛穴から毒素の混じった汗を吹き出し相手の目を狙う。,ブラッキー
月の波動を体に浴びると輪っか模様がほのかに輝き不思議な力に目覚めるのだ。,ブラッキー
ボスのためにキラキラ光るものを探している。不吉な存在といわれ忌み嫌う人も多い。,ヤミカラス
光るものに目がない。お宝を求めて宝石をため込むガバイトの巣に忍び込むことも。,ヤミカラス
シェルダーにかまれたことによって世界的権威の科学者に並ぶほどの知能を得た。,ヤドキング
シェルダーの毒素がヤドンの脳みそを駆けめぐり奇跡的に秘めた知能を覚醒させた。,ヤドキング
驚かせることが生きがい。首の赤い玉に耳をあてると中から悲鳴が聞こえてくるぞ。,ムウマ
真夜中人を驚かせては怖がる心を集めて自分のエネルギーにしているポケモン。,ムウマ
1匹でいてもなにも起きないが2匹以上で並ぶとなにかの力が芽生えるという。,アンノーン
テレパシーを使い仲間同士で意思疎通をしているらしい。いつも壁に張り付いている。,アンノーン
光やショックを嫌う。攻撃されると体がふくらみ反撃が強力になる。,ソーナンス
真っ黒な尻尾を隠すため暗闇でひっそりと生きている。自分からは攻撃しない。,ソーナンス
眠っているあいだ尻尾の頭があたりを見張っている。尻尾は眠らなくても平気。,キリンリキ
尻尾の脳は考えごとが出来ないほど小さいけど眠らなくても平気なので24時間あたりを見張り続けているぞ。,キリンリキ
木の枝にぶら下がり獲物を待っている。木を揺らされて食事の邪魔をされると地面に落ちてからいきなり爆発するぞ。,クヌギダマ
木の実にそっくり。間違われてとりポケモンにつつかれてしまうが硬い殻で守られている。,クヌギダマ
鋼鉄のカラの中に本体がいる。獲物を捕まえるときにカラが開くがあまりの速さに中身は見えないのだ。,フォレトス
獲物を呑み込む一瞬だけカラの中身が現れるがその姿を見た者はまだいない。,フォレトス
ドリルのシッポを使って後ろ向きに地面を掘り進み複雑な形の巣穴を地中深くにつくるポケモン。,ノコッチ
小さなハネを持っていることから大昔は空を飛んでいたと主張する学者もいる。,ノコッチ
いつもは崖に張りついている。獲物を見つけると羽を広げ風に乗り襲いかかってくる。,グライガー
手足の膜で風に乗って空から襲いかかる戦法。獲物の顔を狙う。,グライガー
丈夫なアゴで岩石をかみくだき進む。真っ暗な地中でも見える目を持つ。,ハガネール
イワークが100年以上生きると体の成分がダイヤのように変化するという。,ハガネール
小さなポケモンが逃げ出すほどの怖い顔が逆にかわいいと女性に人気のポケモン。,ブルー
唸り声は相手を不安にさせる。普段はのんびり屋で1日の半分は寝ているよ。,ブルー
大きな口を開いて太いキバを見せつければたいていのポケモンは逃げ出す。,グランブル
若い女性に大人気だが臆病な上に繊細なので番犬としては無能だ。,グランブル
全身の小さな針はウロコが変化したもの。刺さると毒で気を失う。,ハリーセン
全身の毒針を四方八方に撃ち出す。丸い体は泳ぎが苦手。,ハリーセン
はさむより殴るほうが得意。長い時間戦うとハサミの重さに耐えられなくなる。,ハッサム
目玉模様のついたハサミを振り上げて威嚇するだけでなくそのまま振り下ろすので危険だ。,ハッサム
甲羅の中に木の実をためる。そのうち木の実は発酵しておいしいジュースになるのだ。,ツボツボ
岩の下で甲羅の中にたくわえたきのみを食べながら身を潜めている。体液と混ざりきのみはジュースになる。,ツボツボ
強靭な足腰と鋭いツメが相手を彼方まで投げ飛ばすパワーを生みだす。,ヘラクロス
2本のツノで挟みこみ自分の体重の500倍の重さのものも持ち上げることができるのだ。,ヘラクロス
鋭いツメを指の中に隠している。いきなり伸ばして襲ってきた相手をひるませる。,ニューラ
相手が動けなくなるまで攻撃をやめようとしない。非常に獰猛なポケモン。,ニューラ
ミツを見つけると三日月模様が輝く。甘いミツが染みこんだ手のひらをいつもなめている。,ヒメグマ
食べ物が減る冬の前にあちこちに食べ物を隠す習性を持っている。,ヒメグマ
縄張りにあるおいしい木の実や果物のなる木にはツメで傷跡をつける。,リングマ
どんなにおいもかぎわける。地面深くに埋まっている食べ物も残らず見つけ出す。,リングマ
体の中では血液のかわりに必要な栄養と酸素を運ぶために灼熱のマグマが循環している。,マグマッグ
体の中では灼熱の溶岩が渦巻いているが冷えると固まってしまい崩れて体が小さくなっていく。,マグマッグ
体温が約1万度もあるので雨粒に打たれると蒸気がもうもうと立ち込めてあたりは深い霧に覆われるという。,マグカルゴ
背中の殻は崩れやすいがときどき体内を巡っている高熱の炎が噴き出す。,マグカルゴ
地面に鼻を擦りつけてエサを探す。枯草の下に生えたキノコが好物。たまに温泉を掘り当てることがあるよ。,ウリムー
いいにおいをかぎつけるとあとさき考えずににおいの方向へダッシュしてしまう。,ウリムー
4本の脚は短いがひづめは広くギザギザなので雪の上でも滑らず歩ける。,イノムー
長い体毛におおわれていて寒さに強く氷のキバは雪が降るとさらに太くなる。,イノムー
サンゴの枝が頭に生える。かなり簡単に折れるけど3日くらいで元に戻るよ。,サニーゴ
大昔海だった場所によく転がっている。石ころと間違えて蹴るとたたられる。,サニーゴ
口から吹き出す水流は100メートル先で動く獲物にだって命中する。,テッポウオ
別名海のスナイパー。みずでっぽうは100メートル先の獲物にも必ず命中する。,テッポウオ
海底の岩陰や穴を住処にして暮らす。吸盤で獲物に吸いつき逃がさない。,オクタン
穴に入りたがる性質で岩穴やツボを好みそこからスミを吹きだして攻撃する。,オクタン
1日中エサを運ぶ。山で遭難した人がいるとエサをわけあたえ助けている。,デリバード
(ムーン)自分の餌を人やポケモンに分け与える習性があるためいつも餌を探しまわっている。,デリバード
大きなヒレにテッポウオをくっつけたまま優雅に泳ぐ。大人しい性格のポケモン。,マンタイン
泳いでスピードがのってくると波の上に飛びだしそのまま100メートルも滑空する。,マンタイン
鋭い羽根は剣に勝る切れ味。縄張りをめぐってアーマーガアと激しく争う。,エアームド
雪原の上空でアクロバティックな飛行をしていたね。はがねでできた体は頑丈だけど骨が空洞なので身軽なんだよ。,エアームド
様々な鳴き声を使いわけ仲間と連絡を取りあい獲物を追い込んでいく。チームワークの見事さはポケモン随一。,デルビル
鳴き声を使い分けて気持ちを伝える。見事な連携プレーで獲物を追いこみしとめる。,デルビル
メガシンカで全身が発熱。激しい炎の息吹を噴き出し相手を炭に変える。,ヘルガー
怒ったときに口から噴き出す炎には毒素も混じっていてやけどになるといつまでもうずく。,ヘルガー
生き物のすまない海底で眠っている。台風がやってくると目を覚まして獲物を探しにうろつき回るといわれる。,キングドラ
普段は海底洞窟に身を潜めているらしい。あくびで渦潮を発生させる。,キングドラ
川の畔に縦穴を掘って暮らす。すみかの近くに鼻の印をつけて自分の場所だと仲間に教えているよ。,ゴマゾウ
体は小さいが力持ち。大人の人を軽々と背中に乗せて歩いてしまう。,ゴマゾウ
鋭く硬いキバとさらに頑丈な皮膚で体当たりは家をも壊すほど。,ドンファン
体を丸めて高速回転しながら相手に突進する攻撃が得意。転がり始めるとなかなか止まれなくなる。,ドンファン
宇宙空間でも死なないが無重力ではうまく身動きをとることができない。,ポリゴン2
惑星開発用のプログラムがインストールされている。真空の宇宙でも活動できるのだ。,ポリゴン2
見事な形のツノは美術品として高く売れたために絶滅寸前まで乱獲されたことのあるポケモン。,オドシシ
ツノを見つめていると輪っかの中心に吸いこまれそうな不思議な気分になってしまう。,オドシシ
大人になると仲間から背中に足跡のマークをつけられる習性を持つ。,ドーブル
シッポの先からにじみでてくる体液で独自のマークを描いて縄張りをアピール。,ドーブル
いつでも元気いっぱい。強くなるため負けても負けても相手に立ち向かっていく。,バルキー
ケンカっぱやいことで有名。自分よりも大きな相手に挑みかかるので傷が絶えない。,バルキー
コマのように回転しながら戦う。遠心力のパワーで破壊力は10倍だ。,カポエラー
くるくる回ってキックをはなつ。高速で回っているとそのまま地面に潜っていく。,カポエラー
なんでも唇で触れてみて確かめる。好きな物も嫌いな物も唇が覚えている。,ムチュール
元気いっぱい動き回るがよく転ぶ。むっくり起き上がると湖の水面に顔を映して汚れていないか調べる。,ムチュール
電気を奪いにきたトゲデマルとしょっちゅうケンカ。結果は大体互角といったところ。,エレキッド
雷の落ちる音を聞くとご機嫌。落ち込んだときのために録音しておくと便利だよ。,エレキッド
火山のまわりに棲んでいる。1日の終わりにはマグマに浸かり疲れを癒している。,ブビィ
まだまだ小さく臆病。興奮したりびっくりすると鼻や口から火がもれる。,ブビィ
ミルクはおいしく栄養満点。ただし飲みすぎるとお腹が下ることもあるので注意だ。,ミルタンク
ミルクは栄養満点。お年寄りや病気の人にとって最高の飲み物。,ミルタンク
幸せが詰まった不思議なタマゴを産む。食べた人は誰にでも優しくなれるという。,ハピナス
ふわふわの体毛で悲しんでいる心をキャッチするとどんなに遠くでも駆けつけて笑顔になるしあわせタマゴを分けてあげる。,ハピナス
雷のスピードを宿したポケモン。その遠ぼえは雷が落ちたときのように空気を震わせ大地を揺るがす。,ライコウ
体内で渦巻く力を電撃として出しながら大地を駆け巡る荒々しいポケモン。,ライコウ
新しい火山ができるたび生まれてくると伝えられる大地を駆け巡るポケモン。,エンテイ
マグマの情熱を宿したポケモン。火山の噴火から生まれたと考えられすべてを焼き尽くす炎を噴き上げる。,エンテイ
一瞬で汚く濁った水も清める力を持つ。北風の生まれ変わりという。,スイクン
世界中を駆け巡り汚れた水を清めている。北風とともに走り去る。,スイクン
土を食べて生きている。大きな山ひとつ食べ終わると成長のため眠りはじめる。,ヨーギラス
地下で生まれ土を食いながら親のいる地上を目指す。まぶしいので光は苦手だよ。,ヨーギラス
殻に被われているが自由に飛びまわれる。硬さと速さをもつので破壊力抜群だ。,サナギラス
岩盤のような硬い体。圧縮したガスを噴射してまるでロケットのように飛び出す。,サナギラス
地響きを鳴らしながら歩くと大きな山でさえ崩れ周りの地形は変わってしまう。,バンギラス
凄まじいパワーを注入され背中が裂けてしまった。ただただ破壊する本能のみで動く。,バンギラス
海の神様と伝えられるポケモン。嵐の夜姿を見たという話が伝えられる。,ルギア
光の当たる角度によって七色に輝くハネは幸せをもたらすという。虹のふもとにすむといわれている。,ホウオウ
体は七色に輝き飛んだあとは虹ができると神話に残されているポケモン。,ホウオウ
時を超える力をもつ。森の神様としてさまざまな時代に記録が残されている。,セレビィ
時間を越える力を使う。平和な時代にだけ姿を見せると言われている。,セレビィ
沈着冷静何事にも動じない。体の大きなポケモンににらまれても一歩も引かずににらみかえすぞ。,キモリ
足の裏の小さなトゲを引っ掛けて垂直のカベを登ることができる。太い尻尾をたたきつけて攻撃する。,キモリ
密林に生息する。枝から枝へ飛び移りながら移動して獲物に接近する。,ジュプトル
発達した太ももの筋肉が驚異的な瞬発力と跳躍力を生み出すぞ。,ジュプトル
体に生えた葉っぱは鋭い切れ味。素早い身のこなしで木の枝を飛び回り敵の頭上や背後から襲いかかるぞ。,ジュカイン
腕に生えた葉っぱは大木もすっぱり切り倒す切れ味。密林の戦いでは無敵。,ジュカイン
お腹に炎袋を持つ。抱きしめるとぽかぽか暖かい。命ある限り燃え続ける。,アチャモ
トレーナーにくっついてちょこちょこ歩く。口から飛ばす炎は摂氏1000度。相手を黒コゲにする灼熱の玉だ。,アチャモ
戦いになると体内の炎が激しく燃え上がる。キックは破壊力抜群だ。,ワカシャモ
クチバシから吐き出す灼熱の炎と破壊力抜群のキックで戦う。鳴き声が大きいのでとてもやかましい。,ワカシャモ
戦いになると手首から灼熱の炎を吹き上げ勇敢に挑みかかる。相手が手強いほど激しく燃え上がる。,バシャーモ
強敵に出会うと手首から炎を吹き出す。ジャンプでビルを飛び越す脚力。,バシャーモ
水中ではほっぺのエラで呼吸する。ピンチになると体より大きな岩を粉々に砕くパワーを発揮する。,ミズゴロウ
頭のひれで水の流れを感じて周りの様子を知る。岩を持ち上げる力持ち。,ミズゴロウ
ドロドロにぬかるんだ足場で生活するうちに鍛えられ強靭な足腰になった。,ヌマクロー
地上でも生活できるように体の表面を薄い粘膜が包んでいる。潮の引いた海岸で泥遊びをする。,ヌマクロー
岩のように硬い腕を一振りするだけで巨大な岩を粉々に砕くぞ。,ラグラージ
大型船を引っ張って泳ぐパワーの持ち主。太い腕の一振りで相手をたたきのめす。,ラグラージ
動くものを見つけるとすぐにかみつく。獲物がヘトヘトになるまで追いかけ回すが反撃されると尻ごみすることもあるよ。,ポチエナ
しつこい性格のポケモン。目をつけた獲物がヘトヘトに疲れるまで追いかけ回す。,ポチエナ
どう猛なうなり声をあげながら姿勢を低くしているときは攻撃の前触れ。鋭くとがったキバでがぶりとかみつく。,グラエナ
優れたトレーナーの命令には絶対に服従。大昔に群れで行動していた名残り。,グラエナ
好奇心旺盛なポケモン。なににでも興味を持つのでいつもジグザグに歩いている。,ジグザグマ
背中の硬い毛を樹木にこすりつけ自分の縄張りである印をつける。死んだふりをして敵の目を誤魔化すぞ。,ジグザグマ
抜群の瞬発力とするどいツメで獲物をしとめる。曲がった道を走るのは下手。,マッスグマ
時速100キロで獲物に襲いかかるが真っ直ぐにしか走れないので失敗も多い。,マッスグマ
とりポケモンによくねらわれるがおしりのトゲから毒を出し必死になって抵抗する。,ケムッソ
エサにしようと捕まえにきたオオスバメにお尻のトゲを向けて抵抗する。染み出した毒で相手を弱らせるぞ。,ケムッソ
体から伸びる糸を枝に巻きつけて落ちないように固定。じっと動かずに進化を待つ。,カラサリス
糸を木の枝に巻きつけている。糸についた雨水を飲みながら進化のときを待っている。,カラサリス
花畑が満開になると花粉を集めて飛びまわる。姿に似合わず凶暴。,アゲハント
見た目によらず攻撃的で花粉集めの邪魔をすると細長い口を突き刺してくる。,アゲハント
硬いマユに包まれて相手の攻撃をじっと耐えている。相手の姿は忘れない。,マユルド
マユにこもっているあいだに受けた攻撃は進化しても忘れずにかならず仕返しする。,マユルド
羽ばたくと細かい粉が舞い上がる。吸い込むとプロレスラーも寝込む猛毒だ。触角のレーダーでエサを探す。,ドクケイル
羽ばたくたびに毒の粉が舞う。夜のあいだ街路樹の葉っぱを食い散らかすこともある。,ドクケイル
元々は地上で生活していたが頭の葉っぱが重くなったので水に浮かんで暮らすようになったといわれている。,ハスボー
葉っぱが大きくなりすぎて重くなってしまったため水に浮かんで暮らすようになった。,ハスボー
体中ヌルヌルした粘液で覆われその手で触られるととても気持ち悪い。人間の子どもとよく間違えられる。,ハスブレロ
釣り人を見つけると水中から釣り糸を引っ張りジャマして喜ぶいたずらもの。,ハスブレロ
陽気なリズムを聞くと体の細胞が活発に活動を始める体質。戦いでもすごいパワーを発揮するぞ。,ルンパッパ
陽気な音楽を聴くと体中に力がみなぎり踊らずにはいられなくなるのだ。,ルンパッパ
頭のてっぺんを木の枝にくっつけてぶら下がりながら水分を吸い取っている。水を飲むほど体がツヤツヤ光る。,タネボー
頭の先を枝にくっつけてぶら下がる。強風にあおられ落ちてしまうこともあるのだ。,タネボー
うっそうと茂った森にすむポケモン。たまに森を出ては人を驚かせる。長い鼻をつかまれるのは大嫌い。,コノハナ
森の奥深くに生息。頭の葉っぱで笛を作り不安にさせる音色を出す。,コノハナ
大きな団扇は風速30メートルの強風を起こしなんでも吹き飛ばす。森の奥でひっそり暮らすポケモンだ。,ダーテング
樹齢1000年を超えた大木のてっぺんにすむといわれる謎のポケモン。葉っぱの団扇で強風を巻き起こす。,ダーテング
強い相手にも勇敢に立ち向かう根性の持ち主。暖かい土地を目指して飛ぶ。,スバメ
どんな強い相手でも勇敢に挑む。負けてもへこたれない根性の持ち主。お腹が空くと大声で泣いてしまう。,スバメ
上空を旋回しながら獲物を探しまっさかさまに急降下して捕まえる。,オオスバメ
はるか上空を円を描くように飛び回り獲物を見つけると急降下。足のツメでがっしりつかんで逃がさない。,オオスバメ
骨は軽さのためにスカスカ。大きな翼で風を受け大空へと舞い上がる。,キャモメ
長い翼で海風を受けてグライダーのように滑空する。休むときは翼を折り畳む。,キャモメ
海面すれすれを飛んで大きなくちばしで海水ごとエサをすくい取って運ぶのだ。,ペリッパー
餌集めは若い♂の仕事。大きなクチバシに餌を溜めて仲間が待つ巣まで運ぶ。,ペリッパー
赤いツノで人やポケモンの温かいな気持ちをキャッチすると全身がほのかに熱くなる。,ラルトス
頭のツノで人の気持ちを感じ取る。明るい気分の人の前に現れると言う。,ラルトス
頭のツノで増幅されたサイコパワーが使われるとき周りの空間がねじ曲がり現実にはない景色が見えるという。,キルリア
トレーナーの明るい気持ちがサイコパワーの源。楽しい気分になるとクルクル踊る。,キルリア
未来を予知する力をもつ。トレーナーを守るときに最大パワーを発揮する。,サーナイト
未来を予知する能力でトレーナーの危険を察知したとき最大パワーのサイコエネルギーを使うといわれている。,サーナイト
ピンチになると突起から甘い汁を出す。これを集めたシロップはパンにつけると美味い。,アメタマ
危険が及ぶと頭の先から甘い味の液体がにじみだす。とりポケモンが嫌いな味だ。,アメタマ
目玉模様の触角を持つ。4枚のハネで浮かび上がり前後左右に動くことができる。,アメモース
触角にある目玉模様で敵をいかく。4枚の羽で前後左右に飛びまわる。,アメモース
湿った場所を好み昼間は森の木陰でじっとしている。頭から毒の粉を出す。,キノココ
頭のてっぺんから毒胞子を噴き出す。胞子を吸いこむと体の節々が痛くなる。,キノココ
毒の胞子をばらまき吸いこんで苦しむ相手に強烈なパンチをくらわせる。,キノガッサ
短い腕はパンチを出すときグーンと伸びる。プロボクサー顔負けのテクニックを持つ。,キノガッサ
1日のうちほとんどの時間を寝転がって過ごす。その様子を見ていると眠気に襲われる。,ナマケロ
心臓の鼓動は1分間に1回。とにかくじっと寝そべっているポケモンで動く姿を見ることはほとんどない。,ナマケロ
いつも暴れたくてウズウズしている。1分でも座っていることが耐えられない。動いていないとストレスがたまってしまう。,ヤルキモノ
じっとしていることができないポケモンだ。眠ろうとしても体の血がたぎってしまい森中を駆けまわらないと収まらない。,ヤルキモノ
寝転がったまま生活する。周りに食べる草がなくなるとようやく寝返りをして動く。,ケッキング
世界一ぐうたらなポケモン。手が届く範囲のエサを食べつくすと居場所を替える。,ケッキング
長いあいだ地中で暮らしていたため目はほとんど見えない。触角で様子を探る。,ツチニン
10年以上土の中で暮らすこともある。樹木の根っこから栄養を吸い取る。,ツチニン
鳴き声を聞き続けると頭痛が治まらなくなる。見えないほどの速さで動く。,テッカニン
高速で動き回り姿が見えない。鳴き声しか聞こえてこないので長い間透明なポケモンと考えられていた。,テッカニン
ハネを動かさずに飛びまわる。体の中は空っぽで息をしない不思議なポケモン。,ヌケニン
ツチニンが進化するときにいつの間にかモンスターボールに入っている不思議なポケモンだ。,ヌケニン
危険を察知するとジェット機と同じ音量の鳴き声を上げて敵をひるませるのだ。,ゴニョニョ
普段はささやくような鳴き声。不安になるとジェット機と同じ音量で鳴き続ける。,ゴニョニョ
思い切り吸い込んだ空気を発達した腹筋を使って吐き出すことで大声を出す。,ドゴーム
木造の家をコナゴナに吹き飛ばすほどの大声を出して相手を痛めつける。丸い耳がスピーカーの働きをする。,ドゴーム
戦いのときに出すうなり声はまるで地震のように地面をグラグラと揺らす。,バクオング
体の穴から笛のような音を出して仲間に気持ちを伝えている。大声は戦うときしか出さないのだ。,バクオング
木の幹に向かって張り手を繰り返し稽古する。ナッシーに張り手して投げ飛ばされることも。,マクノシタ
きびしいけいこを繰り返して強くなる。どんな攻撃にも耐える根性のポケモン。,マクノシタ
色んな場所で張り手のけいこに励む。強烈な張り手攻撃をくらうと電信柱も一撃で真っ二つだ。,ハリテヤマ
体の大きなポケモンたちと力比べをすることが大好き。張り手でトラックをぶっ飛ばす。,ハリテヤマ
しっぽには成長に必要な栄養分が詰まっている。しっぽに乗っかって遊ぶ。,ルリリ
ゴムボールのようによく弾む。しっぽを振り回し自分よりも大きな相手に立ち向かう。,ルリリ
磁石の鼻を北に向けたまままったく動かないといわれていたが1年に1センチ移動していることが観測された。,ノズパス
いつも北を向いている磁石の鼻で周りの鉄を引き寄せて守りを固めるのだ。,ノズパス
自分のしっぽを追いかけて遊んでいると目を回すといった可愛らしい一面を見せる。,エネコ
自分のシッポを追いかけ回すポケモン。野生は森の樹木の穴で暮らす。愛くるしい顔でペットとして大人気。,エネコ
決まったすみかを持たずに暮らすポケモン。他のポケモンが寝床に近寄ってきても決して争わず寝る場所を変える。,エネコロロ
マイペースで自由気ままな暮らしを好む。気の向くままエサを食べたり眠ったりしているので1日のリズムがバラバラだ。,エネコロロ
巨大化した宝石であらゆる攻撃をガード。ただしすごく重たいので動くのは苦手。,ヤミラミ
宝石の瞳が怪しく輝くとき人の魂を奪うと恐れられるポケモン。,ヤミラミ
相手を油断させ大きなあごでがぶり。可愛い顔にだまされると危険だよ。鋼のあごはツノが変形したものだ。,クチート
ずる賢く恐ろしいポケモン。キュートな仕草で油断させいきなりおおアゴで丸呑みにする。,クチート
鋼の体をつくるために鉄鉱石を食べている。ときどきレールも食べてしまう困りもの。,ココドラ
鋼鉄の体で思いっきりぶつかれば大きなダンプカーも一撃でバラバラだ。壊れたダンプカーをむしゃむしゃ食べるぞ。,ココドラ
体をぶつけ合って縄張りを争う。鋼の鎧はよく見ると傷やへこみがあるのだ。,コドラ
鉄鉱石を掘り出して食べる。鋼の体をぶつけ合って縄張り争いをする習性。,コドラ
鋼のツノで硬い岩盤を突き崩しながら食料の鉄を探してトンネルを掘る。,ボスゴドラ
土砂崩れや山火事で山が荒れるとせっせと土を運び木の苗を植えて自分の縄張りをきれいに掃除する。,ボスゴドラ
山奥でヨガの修行をしている。めいそうをしていても集中力が途切れてしまうため修行は終わらない。,アサナン
ヨガの修行を1日も欠かさない。瞑想によって精神力を高めている。,アサナン
ヨガの力で第6感が発達してサイコパワーを操れるようになった。1ヶ月間なにも食べずにめいそうする。,チャーレム
なにも食べずにただひたすらに精神を研ぎ澄ませると相手のオーラが見えるようになる。,チャーレム
静電気を体毛に溜める。空気の乾燥した季節には全身から火花を散らす。,ラクライ
目にも止まらぬスピードで走るポケモン。空気の摩擦で電気を発生させて全身の体毛に蓄えている。,ラクライ
人前にはめったに姿を見せない。雷の落ちた場所に住処があるという。,ライボルト
身体に電気がたまりすぎていて苛立っている。落雷と同じスピードの瞬発力がある。,ライボルト
電柱から電気を吸い取る。体にためた電気をショートさせて音を出す。,プラスル
いつも仲間を応援しているポケモン。仲間が頑張ると体をショートさせてパチパチと火花の音を立てて喜ぶ。,プラスル
仲間の応援が大好きなポケモン。仲間が負けそうになると体から出る火花の数がどんどん増えていくよ。,マイナン
仲間を応援する習性。負けそうになると体から出す火花の数がどんどん増える。,マイナン
水のきれいな池に生息。夜になるとお尻が光り点滅させて仲間と会話。,バルビート
尻尾の明かりをつかって集団で夜空に幾何学的な図形を描く。イルミーゼの出す甘い香りが大好き。,バルビート
甘い香りでバルビートを誘導して夜空に光のサインを描く。,イルミーゼ
甘い香りでバルビートを誘導して200以上の模様を夜空に描く。,イルミーゼ
右手と左手で2種類の毒を使いわけて攻撃する。香りが強いほど元気だ。,ロゼリア
きれいな両腕の花には猛毒のトゲがある。花を摘もうと考えてはいけない。,ロゼリア
体の大部分が胃袋でできていて心臓や脳みそはとても小さい。なんでも溶かす特殊な胃液を持つ。,ゴクリン
なんでも消化する胃袋。消化するときに発生するガスは強烈な悪臭だ。,ゴクリン
口に入る大きさのものならなんでもまる飲み。特殊な胃液でなんでも消化する。,マルノーム
歯が1本もないのでなんでも丸のみ。いっぱいに開けた口はとても大きく自動車のタイヤだってすっぽり入るぞ。,マルノーム
集団で船に襲いかかり船底を食いちぎり沈める。ジャングルの川に生息する。,キバニア
臆病で1匹では狩りもしない。5匹くらい集まると急に凶暴になるぞ。,キバニア
獲物の匂いを嗅ぎとるとお尻から海水を噴射して時速120キロで襲撃する。,サメハダー
メガシンカにより闘争本能が爆発。黄色い模様は過去の歴戦の傷跡。,サメハダー
海水をたくさん飲みこむと体がボールのように弾む。毎日1トンのエサを食べる。,ホエルコ
(ムーン)飲み込んだ海水を目の上の鼻の穴から吹きだしアピール。毎日1トンのヨワシを喰う。,ホエルコ
群れで獲物を追う習性。大きな口でヨワシの群れごと一気に呑み込んでしまうぞ。,ホエルオー
一番大きいポケモン。息せずに3000メートルの深さまで潜ることができる。,ホエルオー
1200度のマグマを体内にためこんでいる。炎の技を使うとコブは小さくしぼむ。,ドンメル
たたかれても気がつかない鈍さだが空腹は1秒でも我慢できない。体の中ではマグマが煮えたぎっている。,ドンメル
背中のコブの火山は10年ごとに大噴火するが激しく怒っても噴火する。,バクーダ
怒ると灼熱のマグマを背中のコブから噴き上げる。火山の火口に住処がある。,バクーダ
甲羅から噴きだす煙で体調がわかる。勢いが激しいときは元気な証拠。,コータス
石炭を燃やしてエネルギーを作る。石炭が燃え尽きると身動きがとれなくなってしまう。,コータス
尻尾をバネのかわりにいつも飛び跳ねている。跳ねる振動で心臓を鼓動させているのだ。,バネブー
しっぽをバネがわりにして飛び跳ねることで心臓を動かしているので止まると死ぬ。,バネブー
黒真珠を利用して不思議な力を使うとき奇妙なステップで踊りだす。黒真珠は美術品の価値を持つ。,ブーピッグ
黒真珠でサイコパワーを増幅させる。不思議なステップで相手の心を操る。,ブーピッグ
フラフラおぼつかない足取り。長い間歩き続けると気分が悪くなってしまう。,パッチール
1匹ずつブチ模様は異なる。フラフラした動きで相手の攻撃を絶妙にかわすぞ。,パッチール
1週間はなにも喰わずに生きられる。巣穴の底で獲物がくるのをじっと待つ。,ナックラー
絶対に脱出不可能なすり鉢状の巣穴をつくって獲物が落ちてくるのを待つ。,ナックラー
2枚のハネを激しく振動させて超音波を出し獲物を気絶させる。人間も頭痛を起こすほどの威力。,ビブラーバ
ハネを成長させるために毎日大量の獲物を消化液で溶かしてすする。,ビブラーバ
美しい歌のような羽音に心を奪われて砂漠で遭難する人が続出。,フライゴン
羽ばたきで砂嵐を巻き起こしそこにワルビアルを潜ませる。捕まえた獲物は分け合うぞ。,フライゴン
砂漠などの過酷な環境を好む。体の中にたくわえた水で30日間生きられる。,サボネア
砂漠など乾燥した地域に生息。強い花の香りで獲物を誘い込み鋭い体のトゲを飛ばして仕留める。,サボネア
真夜中砂漠を歩く旅人の後ろをぞろぞろと集団でくっついて歩く。疲れて動けなくなるのを待っているのだ。,ノクタス
夜になると活動をはじめる。砂漠の暑さに疲れ果てた獲物を見つけ出し捕らえるのだ。,ノクタス
綿雲のようなふさふさの翼を持つ。人を怖がらず綿の帽子みたいに頭にちょこんと乗っかるポケモンだ。,チルット
汚れたものを見ると綿のような翼でせっせとふき取るきれい好きなポケモンだ。翼が汚れると川で水浴びをする。,チルット
美しいソプラノで歌うポケモン。綿雲のような翼で上昇気流を受けて大空へ舞い上がる。,チルタリス
晴れた日綿雲にまぎれながら大空を自由に飛びまわり美しいソプラノで歌う。,チルタリス
ハブネークとは因縁のあいだ。であうとすかさず前足のツメを広げて威嚇するのだ。,ザングース
何世代にも渡ってハブネークと戦ってきた。鋭いツメが最大の武器。,ザングース
先祖代々ザングースと戦ってきた。しっぽの刃を岩で研ぎ戦いに備える。,ハブネーク
刀のような尻尾は敵を切り裂くのと同時に染み出した猛毒を浴びせるぞ。宿敵ザングースと戦い続ける。,ハブネーク
隕石の落ちた場所から見つかったため宇宙からやってきたポケモンという説もあるがまだ証明されていない。,ルナトーン
月の満ち欠けとパワーの増減が関係しているらしく満月の夜活発になる。,ルナトーン
太陽の分身とウワサされる新種のポケモン。体を回転させて光を放つ。,ソルロック
太陽光線がパワーの源。相手の心を読み取るといわれている。体を回転させて高熱を放つ。,ソルロック
体がヌルヌルの膜で覆われているので敵に掴まれてもヌルリと逃げ出せるのだ。ヌルヌルが乾くと体が弱ってしまう。,ドジョッチ
ヒゲは優秀なレーダー。濁った水の中でもヒゲを使ってエサを見つけ出す。,ドジョッチ
沼の底に住処を作る。生き物なら好き嫌いなくなんでも食べてしまう大食らい。,ナマズン
大暴れして大きな地震を起こしているうちに本物の地震を予知できるようになった。,ナマズン
元々外国にすんでいたポケモンをペットとして連れてきたものが野生化した。生命力が強いのでどんどん増えた。,ヘイガニ
外国からやってきたポケモンが野生化した。どんなに汚い川でも適応してしまう。,ヘイガニ
池に住むほかのポケモンをハサミでつまみ上げ池の外へ放り出してしまう暴れん坊。,シザリガー
よくハサミがもげる。ハサミの中身はマケンカニやウデッポウと違ってドロ臭く実に不味い。,シザリガー
仲間を見つけるとすぐに集まってきて一斉に鳴き声をあげるのでうるさい。一本足で器用に立ったまま眠る。,ヤジロン
一本足で回転しながら移動する。古代の遺跡から見つかった珍しいポケモン。,ヤジロン
古代人の泥人形が怪光線を浴びて生命を宿したといわれている。空中に浮いて移動している。,ネンドール
2万年前の古代人がつくった泥人形から生まれたらしい謎のポケモン。,ネンドール
触手を花びらに見せかけて近寄ってきた獲物を捕らえる。1億年前に絶滅した。,リリーラ
およそ1億年前の海底で暮らしていた古代のポケモン。科学の力で復活した。,リリーラ
海の底でエサを探して歩き回る。木の枝のような首を自在に伸ばして8枚の触手で獲物を捕まえる。,ユレイドル
暖かい海の浅瀬にいる。潮が引くと砂浜に潜った獲物を掘り出して食べる。,ユレイドル
太古の化石から蘇ったポケモン。暖かい海に生息し発達した2本のツメで獲物をがっちりつかむ。,アノプス
ポケモンの先祖の一種といわれている。体の横についた8枚の羽をくねらせて太古の海を泳いでいた。,アノプス
甲羅に覆われた体はとても頑丈。鋭いツメで獲物をくしざしにして食べる。,アーマルド
甲羅はあらゆる攻撃をはね返す。伸び縮みする巨大な2本のツメは鉄板をくし刺しにするほどの威力だ。,アーマルド
体はボロボロだがどこでも生きていけるしぶとい生命力を持つポケモン。しかしノロマなのですぐに捕まってしまう。,ヒンバス
(みすぼらしく醜いポケモンだがしぶとい生命力を持ちわずかな水だけでも生き延びる。,ヒンバス
最も美しいといわれるがヒンバスが好きで育ててきたトレーナーには微妙らしい。,ミロカロス
大きな湖の底に棲む。美しいその姿は見た者の心のけがれをはらうという。,ミロカロス
気温や湿度の変化が体の細胞に影響して姿を変えるポケモン。,ポワルン
暑い日差しを浴びているとこの姿に変わる。火照った身体を触るとパサパサするぞ。,ポワルン
隠れるとき以外にも気分や調子で身体の色が変わる。色が濃いときほど元気だぞ。,カクレオン
体の色を変えて景色に溶けこみ獲物に忍び寄る。お腹の模様は消せないのだ。,カクレオン
恨み妬み嫉みのような感情を食らうので人によってはありがたい存在だ。,カゲボウズ
恨みの感情が大好き。恨みを持つ人が住む家の軒下にずらりとぶらさがる。,カゲボウズ
メガシンカで怨念が増幅。チャックの中に仕舞われていた呪いのパワーがあふれ出す。,ジュペッタ
捨てられたぬいぐるみにおんねんが宿りポケモンになった。自分を捨てた子供を捜している。,ジュペッタ
いいつけを守らない子供を見つけると夜中にどこかへ連れていくといわれている。,ヨマワル
どんなに厚いカベも通り抜ける。ねらわれたら最後朝日が昇るまでずっと追いかけられることになるぞ。,ヨマワル
どんな大きさのものも吸い込んでしまう。怪しげな手の動きと一つ目の力で相手を催眠状態にして操る。,サマヨール
さ迷っている人魂を見つけからっぽの体内に吸い込む。吸い込まれてどうなるかはナゾ。,サマヨール
大好物の果物ばかり食べていたら自分の首に果物ができるようになった。,トロピウス
首の房は1年に2回実をつける。甘くておいしい。南国の子供のおやつだ。,トロピウス
超音波の鳴き声を持つ。ふわふわと浮かび風に乗って長い距離を旅する。,チリーン
鳴き声で空気を振動させ相手を吹き飛ばす。7種類の声で仲間と会話する。,チリーン
自然災害をキャッチする力を持つ。険しい山岳地帯に生息し滅多に山のふもとには降りてこない。,アブソル
翼のように逆立つ体毛を羽ばたかせて相手を威圧するオーラをほとばしらせるのだ。,アブソル
大勢の仲間と行動する。おしくらまんじゅうで我慢強い根性を鍛えるのだ。,ソーナノ
月の夜仲間たちとおしくらまんじゅう。ぎゅうぎゅう押されて我慢強くなる。強烈なカウンターを繰り出す訓練。,ソーナノ
雪の多い土地で暮らすポケモン。春や夏の雪の降らない季節にはしょう乳洞の奥で静かに暮らす。,ユキワラシ
寒い土地でしか生きられない。マイナス100度の環境でも元気に跳ねまわっているよ。,ユキワラシ
口の中に獲物を放り込み瞬時に凍らせるがアゴが外れているので食べられない。,オニゴーリ
氷を自在に扱う力を持つ。獲物を一瞬で凍らせて動けなくなったところを美味しく頂くのだ。,オニゴーリ
いつも転がって移動するポケモンだ。流氷の季節に氷の上を転がり海を渡る姿を見かける。,タマザラシ
歩くより転がるほうが断然速い。食事の時間はみんなが一斉に手をたたいて喜ぶので結構うるさいのだ。,タマザラシ
鼻の神経が敏感。はじめて目にする物は鼻で触って覚えるのだ。,トドグラー
タマザラシやモンスターボールなどまるいものならなんでも鼻の上で回してしまう習性。,トドグラー
大きな氷をキバで砕く。厚い脂肪は寒さだけでなく敵の攻撃もはね返す。,トドゼルガ
発達した2本のキバは10トンもある氷山を一撃で粉砕する。脂肪がぶ厚く氷点下でも平気。,トドゼルガ
頑丈な殻に守られて一生のうちに1個だけ見事な真珠を作る。,パールル
一生に1回進化のときサイコパワーを増幅する不思議な真珠を作るのだ。,パールル
泳ぐ力はあまり強くない。シッポを振って獲物を呼び寄せ近寄ったところをガブリといく。,ハンテール
光の届かない深海に生息。小魚に似た尻尾を光らせて獲物を誘い出す。,ハンテール
泳ぐ姿は優雅でとてもきれいだが獲物を見つけると細い口を体に差し込んで体液をずるずるすするぞ。,サクラビス
南の深海に生息するポケモン。深海の水圧に鍛えられた体はちょっとの攻撃ではキズもつかない。,サクラビス
深海調査で発見された珍しいポケモン。1億年のあいだ姿が変わっていない。,ジーランス
深海調査中偶然に発見された。歯が退化し吸うようにして微生物を取る。,ジーランス
ハート型のウロコを持っていると恋人ができるとウワサになり乱獲された時代もあった。,ラブカス
暖かい海のサンゴ礁が棲み処。サニーゴの枝の間で眠るのが特にお気に入り。,ラブカス
大空を飛ぶことを夢見ているポケモン。飛べない悔しさを晴らすように大岩に石頭を打ちつけてはコナゴナに砕く。,タツベイ
大空を飛ぶことを夢見て繰り返し断崖から飛び降りているうちに頭が鍛えられ鋼鉄のように硬くなった。,タツベイ
エサを食べず空腹に耐える。溜めたエネルギーを使い切ると進化が始まるらしい。,コモルー
洞窟の奥深くに棲む。硬いカラの中に閉じこもり空を飛ぶ日を夢見ている。,コモルー
強く願い続けてきた結果身体の細胞が突然変異。念願の翼を手に入れた。,ボーマンダ
暴れまくるのは自慢の2つの翼が強いエネルギーで歪にくっついたストレスのせい。,ボーマンダ
体の細胞は磁石でできている。血液の代わりに磁力が全身をめぐる。,ダンバル
磁力を放って相手をひき寄せたところでお尻のツメで切り裂くのだ。,ダンバル
2匹のダンバルが合体した。鋼のボディはジェット機と衝突しても傷つかない。,メタング
2つの脳みそから強力なサイコエネルギーを放射し獲物の身動きを封じる。,メタング
2匹のメタングが連結。4つの脳の並列処理でどんな計算もあっという間。,メタグロス
4つのツメと大きな身体で獲物をしっかり押さえつけるとお腹の歯でバリバリかじる。,メタグロス
体を作っている岩石と同じ物が世界中のあらゆる地層で見つかっている。,レジロック
昔人に封印されたポケモン。戦いで体が崩れると自分で新しい岩を探して直すという。,レジロック
氷河の中で数千年眠っていたと言われている。マグマでも体は溶けない。,レジアイス
全身が氷でできている。氷河時代にぶ厚い氷の下で生まれたといわれている。,レジアイス
どんな金属よりも硬い体を持つ。体の中は空洞になっているらしく食べているものも分からないポケモンだ。,レジスチル
何万年も地下の圧力で鍛えられた金属のボディは傷ひとつつかない。,レジスチル
光を屈折させる羽毛で全身を包み込み姿を見えなくする能力を持つ。,ラティアス
テレパシーで気持ちを通わせる。光を屈折させる羽毛で体を包み姿を消す。,ラティアス
高い知能を持ち人間の言葉を理解する。争いを嫌う優しいポケモンだ。,ラティオス
高い知能を持つポケモン。腕を折りたたんで飛べばジェット機を追い越すスピードだ。,ラティオス
海の化身と伝わるポケモン。自然のエネルギーを求めてグラードンと争いを繰り返したという伝説がある。,カイオーガ
大雨と大津波で海を広げた神話のポケモン。グラードンと激しく戦った。,カイオーガ
カイオーガと死闘の末長い眠りについた。大地の化身と言われる伝説のポケモン。,グラードン
高熱で水を蒸発させて大地を広げたと言われている。カイオーガと激しく戦った。,グラードン
雲よりはるか上のオゾン層に生息しているため地上から姿を見ることはできない。,レックウザ
はるか上空のオゾン層の中を飛んでいるため最近まで姿を見た者はいなかった。,レックウザ
1000年に一度清らかな歌声を聞くことで7日のあいだだけ目を覚ます。,ジラーチ
目覚めたとき頭の短冊に書かれた願い事をかなえると大昔から語り継がれてきた。,ジラーチ
宇宙ウィルスが突然変異を起こしてポケモンになった。オーロラの近くに現れる。,デオキシス
レーザーを浴びた宇宙ウィルスのDNAが突然変異を起こして生まれたポケモン。胸の水晶体が脳みそらしい。,デオキシス
全身で光合成をして酸素を作る。のどが渇くと頭の葉っぱがしおれてしまう。,ナエトル
太陽の光を浴びて全身で光合成をする。甲羅は土が硬くなったもの。,ナエトル
森の中の水辺で暮らす。昼間は森の外に出て甲羅の木に光を当てる。,ハヤシガメ
甲羅は土が固まったもの。樹木になった実をついばみにやってくるポケモンもいる。,ハヤシガメ
とても身軽なポケモン。まわりが燃えないようにおしりの炎を消してから眠る。,ヒコザル
お尻の炎はお腹で作られたガスが燃料。雨にぬれても消えない。,ヒコザル
しっぽの炎を長く伸ばして体を大きく見せることで襲ってきた敵を怖がらせる。,モウカザル
天井や壁を利用して空中殺法を繰り出す。尻尾の炎も武器のひとつ。,モウカザル
素早さで相手を翻弄する。両手両足を使った独特の戦い方をする。,ゴウカザル
両手両足を使った特殊な格闘技を使う。炎は一生消えない。,ゴウカザル
プライドが高く人から食べ物をもらうことを嫌う。長い産毛が寒さを防ぐ。,ポッチャマ
世話を焼かれることが大嫌い。トレーナーの指示を聞かないので仲良くなるのが難しい。,ポッチャマ
翼の一撃は強烈。大木もボキリと折れるほどだ。氷の海で獲物を探す。,ポッタイシ
仲間を作らずに暮らす。翼の強烈な一撃は大木を真っ二つにへし折る。,ポッタイシ
プライドを傷つける者は流氷をも切断する翼で真っ二つにする。,エンペルト
水上オートバイ並みの速度で泳ぐ。翼の縁は鋭く流氷を切断する。,エンペルト
群れを作ることで1匹での弱さをカバーし合っているが群れが大きくなるともめだす。,ムックル
普段は群れで暮らしているが1匹になると目立たなくなる。鳴き声がとてもやかましい。,ムックル
森や草原に生息。グループが出くわすとなわばりをかけた争いがはじまる。,ムクバード
自分の弱さをわきまえておりいつも群れで暮らしている。1匹になるとやかましく鳴く。,ムクバード
翼と脚の筋肉が強く小さなポケモンをつかんだままらくらくと飛ぶことができる。,ムクホーク
自分の体が傷つこうとも攻撃をやめなくなった。トサカの形を気にしている。,ムクホーク
いつも大木や石をかじって丈夫な前歯を削っている。水辺に巣を作り暮らす。,ビッパ
なにごとにも動じない図太い神経の持ち主。見かけの割には機敏に活動する。,ビッパ
川を木の幹や泥のダムでせき止めて住処を作る。働き者として知られている。,ビーダル
地上での動作はのんびりしているが泳ぐスピードはヒンバスと互角の素早さだ。,ビーダル
触角をぶつけ合って鳴らす音で仲間と会話をする。音色は秋の夜の風物詩。,コロボーシ
足が短くこけそうになるたび硬い触角がこすれあって木琴のような音が響く。,コロボーシ
変幻自在の鳴き声を競い合わせる鳴き比べという遊びを楽しむ村がある。,コロトック
鳴くときはナイフのような腕を胸の前で交差させる。即興でメロディを作る。,コロトック
危険を感じると全身の体毛が光る。相手が目をくらませているあいだに逃げる。,コリンク
筋肉の動きで電気を作る仕組みを前足に持つ。ピンチになると全身が光る。,コリンク
鋭いツメの先には強い電気が流れておりほんの少しかするだけで相手を気絶させる。,ルクシオ
敵に出会うと100万ボルトの威力をもつツメを足からだして戦いに備える。,ルクシオ
壁の向こうも見える力で逃げた獲物を追いつめるほかにも迷子の子供を捜したりする。,レントラー
透視は電気エネルギーをひどく消耗するため長時間眠りエネルギーを蓄える。,レントラー
温度の変化に敏感で暖かい日差しを感じるときつぼみは必ず開くという。,スボミー
周りの温度変化に敏感。暖かくなるとつぼみが開き毒を含んだ花粉をばらまく。,スボミー
両手の毒の成分はそれぞれ違う種類だがどっちを刺されても死にかける。,ロズレイド
右手の毒は即効性。左手の毒は遅効性。どちらも命にかかわるぞ。,ロズレイド
およそ1億年前のポケモン。ジャングルで生まれ育ち邪魔な樹木は頭突きでへしおった。,ズガイドス
鉄球のような化石から復活した古代のポケモン。頭突きで獲物をしとめた。,ズガイドス
大昔の人は化石を掘り出し鋼鉄よりも硬い頭蓋骨で兜を作っていた。,ラムパルド
頭を激しくぶつけあっても頭蓋骨は厚さ30センチもあるので気絶したりしない。,ラムパルド
抜群の防御力を持つ。そのため特に争うこともなく草や木の実を食べて過ごす。,タテトプス
およそ1億年前に密林で暮らしていたポケモン。顔の皮膚が非常に硬い。,タテトプス
敵に襲われたときは顔の盾で防壁を作り群れの子供たちを守る。,トリデプス
顔の骨がでかくて硬いので復元が成功するまで背骨と勘違いされていた。,トリデプス
冷たい木枯らしを防ぐため小枝や落ち葉を材料にミノを作り体を覆う。,ミノムッチ
戦いでミノが壊れてしまうと近くにある材料でミノをすぐに作り直す。,ミノムッチ
夜中活発に飛び回り眠っているミツハニーの巣からミツを奪って逃げる。,ガーメイル
花のミツが大好きだが自分では集めずミツハニーから横取りばかりを考えている。,ガーメイル
生まれたときから3匹一緒。ビークインに喜んでもらうためいつも花のミツを集めている。,ミツハニー
いつも一緒の3匹だけどそれぞれの花の蜜の好みは微妙に違う。,ミツハニー
様々なフェロモンを出して胴体にいる子供たちを自在に操り敵と戦う。,ビークイン
胴体が子供たちの巣穴になっている。ミツハニーの集めたミツで子供たちを育てる。,ビークイン
ほっぺの電気袋で作った電気をしっぽから撃ちだす。木の上で生活している。,パチリス
静電気がたまってパチパチする毛玉を大好物の木の実と一緒に幹の穴に隠す。,パチリス
首の浮き袋をふくらませ水面から顔をだして辺りの様子をうかがっている。,ブイゼル
首にある浮き袋に空気を溜めると浮き輪のように膨らむ。水面に顔を出して浮かぶ。,ブイゼル
水中の獲物を追いかけるうちに浮き袋が発達した。ゴムボートのように人を乗せる。,フローゼル
発達した浮き袋で浮かぶ。おぼれた人を救助する手伝いをしているポケモンだ。,フローゼル
日の光で赤く色づく。栄養分が吸われて小さい玉がしぼむと進化が近い。,チェリンボ
進化に必要な栄養分が小さい玉に溜められている。とても甘くて美味しいらしい。,チェリンボ
満開の花びらからただようかすかな香りが虫ポケモンを集める。,チェリム
つぼみのときは大人しいが花が開くといつもニコニコ。日が陰るとつぼみに戻る。,チェリム
高い再生能力に目をつけた科学者が細胞の成分を分析中。,カラナクシ
普段海の中に暮らしているが皮膚が乾燥するまでなら陸地でも活動できるぞ。,カラナクシ
昔は丈夫な殻で背中全体をおおっていた。細胞にその名残がある。,トリトドン
襲われると紫色の汁を噴きだす。毒ではないが肉が苦くなるので食われないのだ。,トリトドン
大勢の群れで行動する。尻尾をつなぎ合わせて輪っかを作る。友情の印らしい。,エテボース
2本に分かれたしっぽはいろんなことが器用にできるのでほとんど手を使わなくなった。,エテボース
幼い子どもの手を握りあの世へと連れ去るという。重たい子どもはキライ。,フワンテ
あてもなく浮かぶ様子から迷える魂の道しるべと伝える昔話もある。,フワンテ
体内のガスの原料は魂。身体がしぼんでくると人やポケモンを連れ去るという。,フワライド
昼間は寝ぼけて浮かんでいるが夕方大群で飛んでいく。行先はだれも知らない。,フワライド
まるめた耳を伸ばす勢いで攻撃する技はトレーニングをするほど威力が増していく。,ミミロル
危険を感じ取ると両耳を立てて警戒する。寒い夜は毛皮に顔を埋めて眠る。,ミミロル
警戒心が強く戦いは好まないがしなやかな足からパワフルなキックを繰り出すぞ。,ミミロップ
まわりの様子をつねに気にして危険がおよぶと破壊力抜群のキックをおみまいする。,ミミロップ
じゅもんのような怪しい鳴き声で相手を苦しめる。神出鬼没のポケモン。,ムウマージ
じゅもんのような鳴き声だがまれに相手を幸せにする効果も秘めているという。,ムウマージ
敵と戦うのはほぼ子分。自分の手を汚すのは相手に最後の止めを刺すときだけ。,ドンカラス
獲物を捕るのを失敗したり裏切った子分のヤミカラスをどこまでも追い詰め処分する。,ドンカラス
鋭い目つきで相手を軽い催眠状態にしてしまう。とても気まぐれなポケモン。,ニャルマー
気に入らないとツメを立てるがたまにのどを鳴らして甘える性格が一部に大人気だ。,ニャルマー
ほかのポケモンの住処でも居心地が良ければ居座って自分の住処にしてしまう。,ブニャット
他のポケモンの住処にもかまわず入りこんで自分の寝場所にしてしまう図々しさ。,ブニャット
飛び跳ねると口の中にある玉があちこちに反射して鈴のような音色となる。,リーシャン
喉の奥で丸い玉を振るわせて鳴き声を出す。ふわりと弾んで移動する。,リーシャン
鼻が曲がるほど酷いにおいの液体をお尻から吹き出して襲ってきた敵を追い払う。,スカンプー
尻尾をあげてお尻を向けたら要注意。気絶するほど臭い汁を飛ばす前触れ。,スカンプー
しっぽの先からひどいにおいの液体を飛ばして攻撃するが上からねらわれるととまどう。,スカタンク
尻尾からくさい汁を飛ばす。お腹で熟成させる時間が長いほどにおいがひどくなる。,スカタンク
古いお墓からみつかる。背中の模様には神秘的な力が宿っているといわれる。,ドーミラー
古い遺跡に現れる。体の模様はガラルにはない文化のもので謎。,ドーミラー
別世界への穴を開けてそこから雨を降らしていた。そのため豊作の神とされる。,ドータクン
雨雲を呼び雨を降らせる技を持つ。豊作の神様と昔の人々はまつっていた。,ドータクン
いつも泣いているように見えるが体内の水分を外に出して調節しているのだ。,ウソハチ
瞳から水分を放出。泣いているように見えるので敵を油断させる効果もあるらしい。,ウソハチ
相手の動きをモノマネする習性。真似をされた相手は目が話せなくなるという。,マネネ
ダンスのうまいバリコオルに弟子のように付き従いステップを懸命に真似する。,マネネ
仲良くなった相手には大事な丸い石を貸してあげる。返さないと泣きだし大暴れ。,ピンプク
大人しいポケモンだがお腹の丸い石を取り上げると泣いて騒いで大暴れ。,ピンプク
人の言葉を覚えて鳴く。仲間が一か所に集まるとみんな同じ言葉を覚える。,ペラップ
相手と同じ鳴き声を出すことで仲間と思いこませて襲われないようにしているのだ。,ペラップ
108個の魂が集まって生まれたポケモン。要石のひび割れにつながれている。,ミカルゲ
500年前に悪さをしたため要石のひび割れに体をつなぎとめられてしまった。,ミカルゲ
かつては熱帯の土地にいた。寒さを避けるため地熱で暖かい洞窟で暮らす。,フカマル
地熱で暖められた洞窟の狭い横穴を好む。外が吹雪いていても凍えずにすむのだ。,フカマル
巣穴を広げるとき地中から出てきた宝石の原石を巣にためる習性を持つ。,ガバイト
光り輝くものが大好きで洞窟の中で見つけた宝を自分の巣にためこむ。,ガバイト
メガシンカ前より凶暴な性質。両腕のカマで敵をズタズタに切り刻む。,ガブリアス
音速で飛び獲物を探す。エサを巡りボーマンダと空中戦を繰り広げる。,ガブリアス
食えそうなものだったらとりあえず拾って丸呑み。腐ったエサでも平気な頑丈な胃を持つ。,ゴンベ
とにかくたくさん食べることに夢中。味も気にしないし腐っていても平気なのだ。,ゴンベ
体から発する波動は怖いとき悲しいときに強まりピンチを仲間に伝える。,リオル
仲間とのコミュニケーションに波動と呼ばれる波を使う。鳴かないので敵にばれないのだ。,リオル
爆発的なエネルギーを浴びて闘争本能が目覚めた。敵に対して一切容赦しない。,ルカリオ
メガシンカで波動が膨張。闘争本能の赴くままに非情な手段で敵を討つ。,ルカリオ
全身に砂をまとうことでばい菌から体を守る。水にぬれることが苦手。,ヒポポタス
おもに昼間に活動する。砂漠の夜は冷えるので砂の奥深くに潜って眠る。,ヒポポタス
大きく口を開けて自分の強さをアピール。大量の砂を巻き上げて攻撃する。,カバルドン
怒らせるとかなり狂暴。取りこんだ砂を噴き出して砂嵐を巻き起こす。,カバルドン
乾燥した土地に暮らし一年間なにも食べずに獲物を待ちぶせできる。,スコルピ
砂に体を埋めじっと獲物を待ち続けている。ヤクデと祖先が近い。,スコルピ
砂の悪魔と呼ばれるほど獰猛だがカバルドンにはケンカも売らずおとなしい。,ドラピオン
猛毒を使わなくても自慢の力で相手をバラバラにする。頑丈な体の持ち主。,ドラピオン
正々堂々と戦うことは少ないがそれも生き延びるため。マスコットとして人気が高い。,グレッグル
毒袋を大きく膨らませてゴボゴボと不気味な音を出す。相手を威嚇するためだ。,グレッグル
のど元に毒袋を持つ。のどを鳴らすとたまった毒は練りこまれ強力になる。,ドクロッグ
毒袋で作られた猛毒は腕の管を通って拳のトゲに送られるのだ。,ドクロッグ
湿地帯に生える木に巻きつき甘い香りのだえきで獲物を誘き寄せてはひとくちで食べる。,マスキッパ
触手を木の枝に巻きつけて動かなければまるで植物。大口を開けて獲物を待つ。,マスキッパ
ピンク色の模様は夜になると光りだす。ダイバーに人気なのでリゾート地では餌付けされることも。,ケイコウオ
2枚の尾びれを羽ばたかせて泳ぐ姿から別名海のアゲハントと呼ばれている。,ケイコウオ
海底に棲む深海のポケモン。ヒレを使い海底をはって好物のスターミーを探す。,ネオラント
天敵に見つからないように胸の2枚のヒレを使い海底を這って移動する。,ネオラント
2本の触角で海水の微妙な動きをキャッチする。人懐っこいポケモン。,タマンタ
人懐っこく人間の船の近くまでよってくる。背中の模様は地域によって異なる。,タマンタ
人間に興味があるのか雪山で足跡を見つけるとそのまわりに集まって来る。,ユキカブリ
寒い季節は山のふもとまで降りてくるが春になると雪が残る山頂に戻っていく。,ユキカブリ
万年雪が積もる山脈で静かに暮らす。ブリザードを発生させて姿を隠す。,ユキノオー
大きな腕をハンマーのように振り下ろしユキカブリを狙うダルマッカの群れを追い払う。,ユキノオー
1匹がサンドの足をすくいひっくり返すともう1匹が鋭いツメで止めを刺す。,マニューラ
進化してさらにずる賢くなりツメで石にサインをつけてコミュニケーションをはかっている。,マニューラ
頭のアンテナで宇宙からの電波を受信して何者かにコントロールされているといわれる。,ジバコイル
特殊な磁場の影響で体の分子構造が変化し進化したと考えられている。,ジバコイル
体の何倍もの長さまで伸びる不思議なベロをもつ。その不思議は未解明のまま。,ベロベルト
舌がどこまで伸びるのかのコンテストが開催されている。現在の最高記録は25m。,ベロベルト
手のひらの穴からイシツブテを発射。全身のプロテクターは火山の噴火にも耐えられる。,ドサイドン
岩を手のひらの穴につめて筋肉の力で発射する。まれにイシツブテを飛ばす。,ドサイドン
植物のツルでできた腕を伸ばして獲物を絡め取る。腕を食べられてもへっちゃら。,モジャンボ
腕を食べられてもへっちゃら。再生能力が高いのであっという間に元通りになる。,モジャンボ
興奮すると胸を打ち鳴らす。そのたびに電気火花が散り雷鳴があたりに響き渡る。,エレキブル
相手の攻撃を気にせず近づいてはしっぽを押しつけて高圧の電流を流す。,エレキブル
腕の先から摂氏2000度の火の玉を発射する。火山の火口を住処にする。,ブーバーン
腕の先から摂氏2000度の火の玉を撃ちだすとき体は熱のためほのかに白くなる。,ブーバーン
もめ事の起こる場所には決して現れない。近頃は姿を見かけなくなった。,トゲキッス
恵みを与える存在と言われており大昔から縁起物に描かれてきた。,トゲキッス
高速で飛んですれ違った相手の首を一瞬でかみちぎる戦い方を好む。,メガヤンマ
6本の脚で大人を抱えて楽々と飛ぶことができる。尻尾の羽でバランスをとる。,メガヤンマ
葉っぱから漂うクセのある香りはガラル人の好み。香水に加工され人気。,リーフィア
基本的に争わない。細胞が植物に近くなり体内で光合成ができる。,リーフィア
体温をさげることで全身の体毛を凍らせて鋭くとがった針のようにして飛ばす。,グレイシア
体毛を凍らせ鋭い氷柱のように尖らせてから獲物を目掛けタックルする。,グレイシア
尻尾で木の枝にぶら下がり獲物を観察する。すきを見て上空から襲いかかる。,グライオン
羽音を立てずに空を飛ぶ。長い尻尾で獲物を捕まえキバで急所を一突き。,グライオン
1万年前の壁画にも描かれている。絶滅したと考えられていた時期もある。,マンムー
見た目どおりの力持ち。氷の牙は寒くなるほど太く長く立派になる。,マンムー
異次元でも活躍できるようプログラムを修正したがねらい通りにはいかなかった。,ポリゴンZ
異次元空間を自由に移動できるようにプログラムを修正したがミスしたらしい。,ポリゴンZ
伸び縮みするヒジの刀で戦う。居合の名手。礼儀正しいポケモン。,エルレイド
武人と呼ばれるポケモン。なにかを守るためでなければ肘の刀は使わない。,エルレイド
本体は動かずチビノーズと呼ばれる3つのユニットを自在に操り獲物を捕える。,ダイノーズ
3つの小さなユニットを使いエサをとったり敵と戦う。本体はほぼ命令するだけ。,ダイノーズ
意思があるのかわかっていない。霊界からの電波に従い人やポケモンを連れ去るのだ。,ヨノワール
狙った相手を腹の口で丸飲み。魂だけを食い肉体は吐き出し去っていく。,ヨノワール
雪山で遭難した女性の魂が氷柱に乗り移った。男性の魂が好物。,ユキメノコ
マイナス50度の冷気を吐き凍らせた獲物をすみかに持ち帰りきれいに並べる。,ユキメノコ
プラズマでできた体を持つ。電化製品に潜りこみ悪さをすることで知られている。,ロトム
特殊なモーターで動く冷蔵庫に入っている。冷気を吐き出し戦う。,ロトム
知識の神と呼ばれている。目を合わせた者の記憶を消してしまう力を持つという。,ユクシー
悲しみの苦しさと喜びの尊さを人々に教えた。感情の神と呼ばれている。,エムリット
湖の底で眠っているが魂が抜け出して水面を飛び回ると言われている。,エムリット
意思の神と呼ばれている。湖の底で眠り続け世界のバランスをとっている。,アグノム
時間を操る力を持つ。シンオウ地方では神様と呼ばれ神話に登場する。,ディアルガ
空間をゆがめる能力を持ちシンオウ地方の神話では神様として描かれている。,パルキア
並行して並ぶ空間の狭間に住むと言われている。神話に登場するポケモン。,パルキア
火山の洞穴に生息。十字のツメを食いこませて壁や天井をはい回る。,ヒードラン
頑丈な鋼の体だが自分が発する高熱のためところどころ溶けてしまっている。,ヒードラン
縄で縛った大陸を引っ張って動かしたという伝説が残されている。,レジギガス
特殊な氷山や岩石マグマから自分の姿に似たポケモンをつくったと言われる。,レジギガス
この世の裏側にある世界に住んでいると言われるポケモン。古代の墓場に現れる。,ギラティナ
暴れ者ゆえ追い出されたが破れた世界と言われる場所で静かに元の世界を見ていた。,ギラティナ
三日月に近い夜ほどしっぽから伸びるオーロラは長く美しくなる。,クレセリア
飛行するときはベールのような羽から光る粒子を出す。三日月の化身と呼ばれている。,クレセリア
暖かい海に住むポケモン。頭の浮き袋を膨らませて波間を漂いエサを探す。,フィオネ
海の温度が高くなると頭の浮き袋をふくらませて海面を集団で漂う。,フィオネ
生まれたときから備わっている不思議な力を使うとどんなポケモンとも心が通い合う。,マナフィ
体の80パーセントが水。まわりの環境に影響されやすい体質のポケモン。,マナフィ
深い眠りに誘う力で人やポケモンに悪夢を見せて自分の縄張りから追い出す。,ダークライ
人々を深い眠りに誘い夢を見せる能力を持つ。新月の夜に活動する。,ダークライ
宇宙がまだないころに最初に生まれたポケモンと神話の中で語られている。,アルセウス
タマゴから姿を現して世界のすべてを生み出したとシンオウ神話に語られている。,アルセウス
体内で無限のエネルギーを作り出す。触れた相手にエネルギーを分け与える。,ビクティニ
太陽の光を浴びるといつもよりも素早く動ける。手よりもツルをうまく使う。,ツタージャ
知能が高くとても冷静。太陽の光をたっぷり浴びると動きが鋭くなる。,ツタージャ
体が汚れると葉っぱで光合成ができなくなるのでいつも清潔にしている。,ジャノビー
地面を滑るように走る。素早い動きで敵をまどわせつるのムチでしとめるのだ。,ジャノビー
頭を高く持ち上げて相手を威圧する。強敵と戦うときだけ本気を出す。,ジャローダ
にらむだけで相手の動きを止めてしまう。太陽エネルギーを体内で増幅させる。,ジャローダ
鼻の穴から炎を吹く。カゼをひくと炎ではなく真っ黒な煙になってしまう。,ポカブ
焼いた木の実を食べるのが大好きだが興奮しすぎてときどき真っ黒焦げにしちゃう。,ポカブ
食べたものを燃料にして胃袋で炎を燃やすのだ。怒ると火力が上がる。,チャオブー
食べるほどに燃やすものが増えて胃袋内の炎が強まりパワーもどんどんあふれ出すのだ。,チャオブー
アゴの炎でこぶしを燃やして炎のパンチを繰り出す。とても仲間思いのポケモン。,エンブオー
ヒゲの炎が燃えあがるのは気合がはいった証。数多くの技を使いこなす。,エンブオー
お腹のホタチはツメと同じ成分でできている。お腹から外して小刀として使う。,ミジュマル
お腹にできるホタチは戦うときだけでなく硬い木の実を割るときにも使う。,ミジュマル
流れるような太刀さばきで2枚のホタチをあつかう技はきびしい修業によって身につける。,フタチマル
前足のよろいの一部が大きな剣になっている。ほえるだけで敵を威圧する。,ダイケンキ
よろいに仕込まれた剣の一振りで相手を倒す。ひとにらみで敵を黙らせる。,ダイケンキ
ほほの袋にエサをためこみ何日も見張りを続ける。尻尾で仲間に合図する。,ミネズミ
警戒心が強く交替で巣穴のまわりを見張り続ける。見張りがいないと不安なのだ。,ミネズミ
ほほ袋にためた木の実のタネを飛ばして攻撃。敵を発見すると尻尾を立てる。,ミルホッグ
体内の発光物質で目玉や体を光らせ襲ってきた敵をひるませる。,ミルホッグ
勇猛なポケモンだが相手の強さを確かめて戦いを避ける賢さも併せ持つ。,ヨーテリー
賢くトレーナーのいうことを素直に聞くので初心者でも育てやすいと人気のポケモン。,ヨーテリー
黒い体毛はとても硬くてどんどん伸びる。トリミング代がかかって大変なポケモン。,ハーデリア
体を覆う黒い毛はぶ厚く弾力がある。するどいキバも弾き返すぞ。,ハーデリア
賢く人に襲いかかる心配がないので子供のお守りを任せる親もいる。,ムーランド
人と暮らすのが好きらしい。野生で捕まえても3日もたてば人に懐くようになる。,ムーランド
かわいらしい仕草で油断させてそのすきに持ち物を奪う。怒るとツメを立てて反撃。,チョロネコ
人の物を遊びで盗む。盗まれた人も愛くるしい仕草につい許してしまうのだ。,チョロネコ
美しい毛並みとスタイルに惑わされがちだが気まぐれで狂暴なポケモンなのだ。,レパルダス
美しいスタイルは全身の発達した筋肉のおかげ。音もたてずに夜を駆けぬける。,レパルダス
元気のないポケモンに頭の葉っぱを分け与える。疲れを取る効果があるのだ。,ヤナップ
深い森で暮らすポケモン。頭に生えた葉っぱを食べると疲れがウソのように消える。,ヤナップ
トゲのついたしっぽを振り回したたきつけて相手を攻撃。頭の葉っぱはとても苦い。,ヤナッキー
気性が激しくトゲのついた尻尾を振り回して戦う。頭の葉っぱはとても苦い。,ヤナッキー
火山の洞穴で暮らす。頭のふさの中が燃えていて300度の高温になる。,バオップ
知能が高く木の実は焼いてから食べる習性。人の手伝いを好んでいる。,バオップ
体の中の炎を燃やして頭や尻尾から火の粉をまき散らせて敵を焦がす。,バオッキー
興奮すると頭や尻尾から火の粉が舞いあがって熱くなる。なぜか甘いものが大好物。,バオッキー
乾燥した環境に弱い。頭のふさにためた水をしっぽからまいて湿らせる。,ヒヤップ
頭の房にためこんだ水は栄養たっぷり。尻尾を使ってその水を草木にかけている。,ヒヤップ
頭のふさに水をためる。貯水量が減るとしっぽで水を吸い上げて補給する。,ヒヤッキー
水がきれいな場所を好む。頭にためこんだ水が減ると尻尾から吸いあげて補給。,ヒヤッキー
夢を食べて煙を吐く。楽しい夢ならピンク色で悪夢のときは黒っぽいぞ。,ムンナ
悪い夢にうなされているポケモンや人の前に現われその夢を食べてしまうポケモン。,ムンナ
いつもまどろみ夢を見ている。寝起きはとっても不機嫌になるのでそっとしておこう。,ムシャーナ
出てる煙が黒っぽいときは近づかないほうがいいよ。悪夢が現実になるぞ。,ムシャーナ
街中で暮らしているポケモン。人懐っこいので公園や広場にたくさん集まってくる。,マメパト
忘れっぽく賢くはないが人懐っこくて真面目なのでかわいがるトレーナーは多い。,マメパト
賢く物覚えがいい。配達員がパートナーに選ぶことが多いらしい。,ハトーボー
空を飛ぶ速さはそこそこ。どんな遠く離れても主と自分の巣を憶えている。,ハトーボー
オスは頭に飾りを持つ。トレーナー以外の人にはけっして懐かない性質。,ケンホロウ
頭の飾りを揺らしていかくしてくるオスだが飛ぶのはメスよりもへただ。,ケンホロウ
放電するとたてがみが光る。たてがみの光り方で仲間とコミュニケーションをとっている。,シママ
放電するとたてがみが光る。たてがみが輝く回数やリズムで仲間と会話している。,シママ
激しい気性の持ち主。荒ぶるとたてがみから雷を四方八方に放電する。,ゼブライカ
気性が激しく怒るとたてがみから四方八方に電撃を撃ちまくるので危険。,ゼブライカ
地中の奥深くで生まれた。近い仲間のイシツブテやメレシーと硬さ比べをする。,ダンゴロ
六角形の穴は耳。耳の奥にはエネルギーコアがあるので手を突っ込むと怒りだすぞ。,ダンゴロ
洞窟で地下水を探す。水自体は得意ではないのでちびりちびりとゆっくり舐める。,ガントル
元気だとコアが飛びだしてくる。体の向きを変えることなく前後左右に素早く動ける。,ガントル
体内のコアでエネルギーを圧縮して撃ち出す攻撃は山を吹き飛ばす威力。,ギガイアス
かなりの馬力を持っているので建設関係者が好んでパートナーに選ぶポケモンだ。,ギガイアス
暗い森や洞穴で暮らす。鼻の穴から超音波を出してあたりの様子を探る。,コロモリ
超音波を放ちながらフラフラと飛びまわりエサの虫ポケモンを探している。,コロモリ
オスがメスに求愛するとき発する超音波を浴びるととても楽しい気分になる。,ココロモリ
鼻の形がおめでたいと幸福を呼ぶシンボルとして祭る地域もあるという。,ココロモリ
両手のツメを重ね合わせて体を高速回転させると猛スピードで地中を進む。,モグリュー
体をスピンさせることで時速50キロのスピードのまままっすぐ地面を掘り進む。,モグリュー
地下100メートルに迷路のような巣穴を作る。地下鉄のトンネルに穴を開けてしまう。,ドリュウズ
別名ドリルキング。地中を掘り進む速度は時速150キロに達する。,ドリュウズ
優れた聴覚を持っている。2キロ先で転がった小石の音も聞き取ることができる。,タブンネ
心優しいポケモン。触角を押し当て相手の気持ちや体調を理解する。,タブンネ
角材を振り回して戦う。重い角材を苦もなく持つようになると進化は近い。,ドッコラー
建築の手伝いが好き。雨で工事が休みの日は角材を振りまわし暴れる。,ドッコラー
鉄骨を担いで体を鍛えている。鍛えた筋肉を仲間と見せ合い自慢する。,ドテッコツ
鍛えあげた筋肉の持ち主。鉄骨をたくみに操って一軒家を解体してくれる。,ドテッコツ
つえ代わりのコンクリートの柱を筋力を使わず自在に振り回す技を持つ。,ローブシン
力に頼らず遠心力をうまく活かしてコンクリートを振り回す技を使いこなせる。,ローブシン
音波で仲間と連絡する。警戒の鳴き声は人やほかのポケモンには聞こえない。,オタマロ
ほほの振動膜を震わせ人にはきこえない音波をだし仲間たちに危険を伝える。,オタマロ
頭のコブを振動させると水中が波立つだけでなく地面も地震のように揺れる。,ガマガル
水中と陸地で暮らす。長くねばねばするベロを使って相手の動きを封じこめる。,ガマガル
コブに力をいれることでバイブレーションが発生してパンチの威力がアップする。,ガマゲロゲ
頭のコブから神経をマヒさせる液体を飛ばす。振動で相手を苦しめる。,ガマゲロゲ
自分より大きな相手と出会うと無性に投げたくなる。強くなると帯を取り替える。,ナゲキ
自分よりも体の大きな相手を投げたくなる習性。決まって5匹で群れを作る。,ナゲキ
帯を締めると気合いが入りパンチの破壊力が増す。修業をジャマすると怒る。,ダゲキ
最強のからてチョップを求めて山奥にこもって眠ることなく修行する。,ダゲキ
タマゴからかえるとハハコモリに服を作ってもらい着せられる。フードで頭を隠して寝る。,クルミル
葉っぱをかみ切り口から出す粘着糸で縫い合わせる。自分で服を作るポケモン。,クルミル
葉っぱで体を包みこんで寒さを防ぐ。手近な落ち葉を食べながら森を移動する。,クルマユ
薄暗くじめじめした場所を好み自分の周りにある落ち葉を食べて一日過ごす。,クルマユ
小さいポケモンを見つけると腕のカッターと粘着糸で葉っぱの服を縫う習性。,ハハコモリ
落ち葉が発酵する熱でタマゴを温める。クルミルに葉っぱでおくるみを作る。,ハハコモリ
頭としっぽの触覚で空気の揺れを感じ取り獲物の位置や様子を把握している。,フシデ
キバに猛毒をもっている。食えそうな獲物を見つけるとあとさき考えず跳びかかる。,フシデ
高速で回転し相手に突撃。最高時速はおよそ100キロに達する。,ホイーガ
硬い殻と毒のトゲで身を守り進化に必要なエネルギーを溜めているのだ。,ホイーガ
素早い動きで敵を追いつめ頭のツノで攻撃する。とどめを刺すまで容赦しない。,ペンドラー
縄張りをめぐりマルヤクデと激しく争う。負けたほうはそのまま獲物になるのだ。,ペンドラー
集団でいると落ち着くのか仲間をみつけるとくっついていつのまにか雲のようになる。,モンメン
風に吹かれて気ままに移動。雨の日は体が重いので大木の根元で雨宿り。,モンメン
どんなに細いすきまでも風のように潜り抜けてしまう。白い毛玉を残していく。,エルフーン
風に乗って現れるがあまりに風が強すぎると頭の綿が千切れてしまう。,エルフーン
綺麗な水と土を好む。棲み処の環境が悪くなると新たな土地へと群れで引っ越す。,チュリネ
頭の葉を天日で乾かし煎じて飲むと当時の元気が戻るとお年寄りに大人気。,チュリネ
育った土の成分によって花の香りは少しずつ違う。嗅ぐと心が癒され安らぐ。,ドレディア
一流の園芸家でも頭の花を咲かせるのは至難の業と言われている。,ドレディア
タフなファイトが釣り人に大人気。無断で池に放すのでどんどん増える。,バスラオ
湖のチンピラと呼ぶ人もいる。色の違いの意味はまだよくわかっていないのだ。,バスラオ
まだ狩りは下手なのでおもに砂漠で行き倒れたものを食う。砂漠の掃除屋と呼ばれる。,メグロコ
砂の中に身を潜め上を歩いた獲物の足をガブリ。大好物はナックラー。,メグロコ
数匹で群れを作る。眼球をカバーする膜が砂嵐から目を守る。,ワルビル
薄い膜で被われている両目は真夜中でも見える。数匹の群れで暮らしている。,ワルビル
強力なアゴでかみつくとそのまま思い切り体をひねり獲物を切断する。,ワルビアル
出会った獲物は逃がさない。自動車のボディを食いちぎる強力なアゴを持つ。,ワルビアル
体が冷えるほど元気。吐息を凍らせてつくった雪玉を投げ合って遊ぶ。,ダルマッカ
体の中で燃える炎がパワーの源。火が小さくなるとたちまち眠ってしまう。,ダルマッカ
激しい戦いで傷つくと岩のように固まり黙考して心を研ぎ澄ませるのだ。,ヒヒダルマ
退化したはずの炎袋が怒りで復活。ところかまわず炎を噴きまくり暴れる。,ヒヒダルマ
リズミカルに体を揺するとマラカスに似た音が鳴り響き驚いたポケモンは逃げだす。,マラカッチ
1年に一度種をまく。花の種は栄養満点で砂漠の貴重な食料。,マラカッチ
手ごろなサイズの石があると口から液体を分泌して中に入るための穴をあける。,イシズマイ
家にちょうどいい小石が見つからないとカバルドンの穴に棲んでしまうことも。,イシズマイ
テリトリー争いのときに背負っている岩を壊されると不安を感じて弱っていく。,イワパレス
乾燥した場所を好み雨の日は岩から出ない。縄張り意識が強いぞ。,イワパレス
丈夫な皮で身を守る。皮が伸びきるとき進化を迎えるといわれる。,ズルッグ
皮を首まで引き上げて防御の姿勢。ゴムのような弾力でダメージを減らす。,ズルッグ
トサカの大きさでグループのリーダーを決める。キック攻撃でコンクリートブロックを破壊する。,ズルズキン
粗暴だが自分の家族や群れの仲間や縄張りをとっても大切にしているポケモンなのだ。,ズルズキン
古代都市の守り神だった。縄張りに侵入した敵をサイコパワーで攻撃する。,シンボラー
古代都市を守っていた記憶を残しているためいつも同じルートを飛んでいるらしい。,シンボラー
お墓に埋葬された人の魂がポケモンに変化した。死ぬ前の記憶が残っている。,デスマス
古代の墓に埋葬された人の魂から生まれた。昔の記憶が残っている。,デスマス
本物のかんおけと間違え近寄ってきた墓ドロボウを体の中に閉じこめてしまう。,デスカーン
ピカピカの黄金の体。もはや人間だったことは思い出すことはないという。,デスカーン
古代の化石から復活。海に暮らしていたが獲物を探して陸にもあがっていた。,プロトーガ
古代の化石から復活した。深さ1000メートルまで潜水することができる。,プロトーガ
丈夫な甲羅をつくるため獲物の硬い殻や骨も丸ごと噛み砕いて喰っていた。,アバゴーラ
水の中とくらべて動きは鈍いが獲物を探し求め陸上でも活動するぞ。,アバゴーラ
古代の化石から復活した。木の上で暮らしているが飛べず枝から枝を飛び移っていた。,アーケン
あらゆるとりポケモンの祖先と考えられてきたが最近の研究では違うという説も。,アーケン
飛ぶよりも走るほうが得意で時速40キロで駆けぬけた勢いで大空に羽ばたく。,アーケオス
地上で助走をつけてから飛び立つ。仲間と協力して獲物をしとめる知能を持つ。,アーケオス
呼吸すると毒ガスが漏れる。匂いを嗅ぎつけベトベトンがよだれを垂らしてやってくる。,ヤブクロン
さらなるゴミを求めてポイ捨てをする人をつけまわす。いつも毒ガスを吐きだしている。,ヤブクロン
ゴミを吸い込んで体の一部にしてしまう。右腕の指先から毒液を噴射。,ダストダス
右腕から飛びだす毒液に注意。ちょっとかかるだけで未知の毒素に冒される。,ダストダス
相手そっくりに化けているようにみせかけだましたり驚かしてそのすきに逃げ出すことが多い。,ゾロア
臆病な性質のポケモンで仲間といるとき以外はほぼ他の誰かに化けている。,ゾロア
相手を化かすことで群れの安全を守ってきたポケモン。仲間同士の結束が固い。,ゾロアーク
いっぺんに大勢の人を化かす力を持つ。幻の景色を見せて住処を守る。,ゾロアーク
しっぽでお互いの体をなでてあいさつ。しっぽの手入れを欠かさずいつもきれいにしている。,チラーミィ
しっぽで汚れを払い落す。掃除をするときに助かるが潔癖症なので大変。,チラーミィ
白い体毛は特別な脂でコーティングされているので敵の攻撃を受け流すのだ。,チラチーノ
全身から染み出す油はとてもなめらか。肌荒れに悩む人にも効果的なのだ。,チラチーノ
なんでもじっとみつめている。観察に夢中になってしまい攻撃にきづかないこともある。,ゴチム
まだまだ赤ちゃんだけれどリボンに似た触角に溜めたサイコパワーで戦うこともある。,ゴチム
星明りが輝く夜に寝ている子供たちを操って遊ぶ話が多く残る。,ゴチミル
星の輝く晩にもっともサイコパワーが高まるらしい。宇宙との関係は不明。,ゴチミル
星の配置や動きから未来のできごとを予知する能力を持つ。トレーナーの寿命も見える。,ゴチルゼル
星の動きから未来を見る。すさまじいサイコパワーをもつが争いは好まない気質。,ゴチルゼル
特殊な液体に体を包んでいるので宇宙でも生きられるともいわれている。,ユニラン
特殊な液体で体が包まれているためどんな環境でも生きられる。,ユニラン
2つに分裂した脳みそを持っているためいきなり違う行動をとることがあるのだ。,ダブラン
2つの脳みその意見が一致したときの念力は周囲1キロにおよぶという。,ダブラン
超能力を使うよりも自慢の腕をぶん回して殴り倒すのを好んでいる。,ランクルス
発揮したサイコパワーを使い特殊な液体でつくられた腕を操り岩を砕く。,ランクルス
飛ぶよりも泳ぐのが得意で水中に潜っては大好きな水ゴケをうれしそうに食べる。,コアルヒー
潜水が得意なとりポケモン。好物のみずゴケを食べるため水中を泳ぎまわる。,コアルヒー
クチバシの攻撃は強烈。長い首をしならせて連続して突きを繰り出す。,スワンナ
優雅なみかけによらず翼で力強く羽ばたき数千キロ飛び続けられる。,スワンナ
朝日を浴びた氷柱から生まれたとされているポケモン。マイナス50度の息を吐く。,バニプッチ
暑い土地では暮らせない。冷気を吐いて雪を降らせ積もった中に潜って眠る。,バニプッチ
氷河期を生き抜いたとてもたくましいポケモン。こと暑い地方では抜群の人気。,バニリッチ
小さい氷の粒をたくさん作りだして自分の姿を敵の目から隠すのだ。,バニリッチ
2つの口から吹雪を吐く。どこでも雪を作りだせるのでスキーヤーやボーダーに人気。,バイバニラ
片方の頭を失っても特に問題なく生きられる。身体の中に雪雲をつくる。,バイバニラ
季節が変わったときだけでなく気温や湿度によっても体の色は少し変化する。,シキジカ
季節の変わり目になると体毛とにおいが変化する。季節を告げるポケモン。,シキジカ
季節によってツノに生える草花が変わる。立派なツノの持ち主が群れを率いている。,メブキジカ
森の木の上で暮らす。マントのような膜の内側を放電させながら滑空する。,エモンガ
電気をほとばしらせながら空を舞うように飛ぶ。可愛いがやっかいなのだ。,エモンガ
チョボマキを襲っているときに電気エネルギーを浴びるとなぜだか進化してしまうのだ。,カブルモ
チョボマキと一緒にいるときに電気的な刺激を受けると進化する不思議なポケモンだ。,カブルモ
槍を構え敵へ突撃。ネギガナイトとの決闘を描いた絵画が有名。,シュバルゴ
高速で飛び回り鋭いやりで相手を突く。不利な相手にも勇敢に立ち向かう。,シュバルゴ
モンスターボールになぜか似ているポケモン。捕まえようとした敵に毒胞子を吹きかけて撃退。,タマゲタケ
モンスターボールそっくりの模様でポケモンを誘いこみ毒の胞子を吹きかけてくる。,タマゲタケ
両腕のモンスターボールに似たカサをゆらゆらと動かして獲物を誘うダンスを踊る。,モロバレル
モンスターボールのカサを見せつけ獲物を誘き寄せようとするがだまされるポケモンは少ない。,モロバレル
ベールのような手足で獲物を抱きかかえ8000メートルの深海へと引きずり込む。,プルリル
敵を痺れさせ溺れさせるためベールのような手足には目には見えない毒針がたくさん。,プルリル
体に吸い込んだ海水を勢いよく吹き出して前進する。生命エネルギーが大好物。,ブルンゲル
体のほとんどが海水と同じ成分でできている。沈没船を根城にする。,ブルンゲル
大海原を漂って暮らす。傷ついたポケモンを見つけると抱きかかえて岸まで運ぶ。,ママンボウ
傷ついたり弱ったポケモンをヒレで優しく抱えながら特殊な粘膜で治すのだ。,ママンボウ
ポケモンの体にくっついて静電気を吸い取る。自分では電気をつくることができない。,バチュル
体の大きなポケモンにとりついて静電気を吸い取り蓄電袋に電気をためる。,バチュル
敵に襲われると電気を帯びた糸をたくさん吐き出して電気のバリアを作る。,デンチュラ
電気を帯びた糸でワナを仕掛ける。感電して動けない獲物をゆっくりといただくのだ。,デンチュラ
苔むした洞窟を好む。苔が含む酵素が棘を大きく丈夫に育むのだ。,テッシード
洞穴の天井に突きささり岩の鉄分を吸いとる。危険がせまるとトゲを撃ち出す。,テッシード
3本の触手をたたきつけさらにトゲを飛ばして相手を跡形残らず粉砕する。,ナットレイ
洞穴の天井にはりつき下を通る獲物に向かって鉄のトゲを打ちこみ襲う。,ナットレイ
必ず決まった組み合わせの2つの体を回転させてエネルギーを生みだしている。,ギアル
2つの体は双子よりも近い。べつの体同士だといまいちうまく噛み合わない。,ギアル
回転方向を変えることで仲間に気持ちを伝えている。怒るほど回転が速くなる。,ギギアル
ちびギアとでかギアにわかれた。攻撃のため飛ばしたちびギアが戻ってこないと死んでしまう。,ギギアル
棘の先から強い電撃を発射。赤いコアにたくさんのエネルギーを蓄えている。,ギギギアル
赤いコアのついたギアを高速回転させてエネルギーを急速チャージするのだ。,ギギギアル
群れで行動するポケモン。電気を作る器官を持ちピンチになると発電する。,シビシラス
相手に巻きつきまるいはん点から電気を流してしびれたところをまるかじりする。,シビビール
食欲旺盛なポケモン。獲物を見つけると襲いかかり電気でしびれさせてから食べる。,シビビール
腕の力で海からはい出し水辺の獲物に襲いかかる。一瞬で海へ引きずり込む。,シビルドン
吸盤になっている口ではりついてキバを刺しこみ強力な電気を流す。,シビルドン
50年ほど前にみつかったポケモン。大きく発達した脳でサイコパワーを操るぞ。,リグレー
およそ50年前地上に落ちたUFOから現れたといわれる謎の多いポケモン。,リグレー
強いサイコパワーを持っている。3色に光る指で相手を操り記憶を書き換えてしまう。,オーベム
サイコパワーで相手の脳みそを操り記憶する映像を違うものに書き換えてしまう。,オーベム
炎で熱せられた体はほんのり温かい。迷子の手を引き霊界へと誘う。,ヒトモシ
吸い取る命が若ければ若いほど頭の炎は大きく妖しく燃え上がる。,ヒトモシ
魂を吸いとり火を灯す。人が死ぬのを待つため病院をうろつくようになった。,ランプラー
ランプのふりをして町中に潜む。死期が近い人を見つけるとそっと後をつける。,ランプラー
古びた洋館に棲みつく。腕の炎を妖しく揺らし相手を催眠にかけるぞ。,シャンデラ
怪しげな炎で燃やされた魂は行き場をなくしこの世を永遠にさまよう。,シャンデラ
大きなキバはまだもろく折れたりするが生え変わるごとに硬く丈夫になっていく。,キバゴ
木の実をキバで砕いて食べる。何回も生え変わることで強く鋭いキバになる。,キバゴ
鎧のように硬い皮膚。体当たりと同時にキバを突き刺す戦法が得意だぞ。,オノンド
折れたキバは生え変わらないので戦いが終わると河原の岩でキバを丹念に磨く。,オノンド
優しい性格だが縄張りを荒らす者には容赦しない。鉄を切るキバで挑みかかる。,オノノクス
キバの破壊力は抜群。太く硬い鋼鉄の柱もいとも簡単に切りさけるのだ。,オノノクス
鼻水は健康のバロメータ。調子がいいと粘り強くなり氷の技の威力も増す。,クマシュン
いつも鼻水を垂らしている。鼻水をすすって技を出す。鼻水が技の素なのだ。,クマシュン
吐息を凍らせつくったキバは鋼より硬い。寒い海をエサを探して泳ぎまわる。,ツンベアー
吐く息を凍らせて氷のキバやツメを作り戦う。北の寒い土地で暮らす。,ツンベアー
雪雲の中で生まれた。氷の結晶でできた鎖で獲物を捕まえる。,フリージオ
暑くなると水蒸気に変わる。夏場に姿を見ることはほとんどない。,フリージオ
敵に襲われると殻のふたを閉じて防御。ふたのすきまからベトベトした毒液を飛ばす。,チョボマキ
カブルモとともに電気的なエネルギーを浴びると進化する。理由は解明されていない。,チョボマキ
殻を脱ぎ捨て身軽になった。帯状の粘膜を体に巻きつけ乾燥を防ぐ。,アギルダー
鉄分たっぷりの泥の中で生息していたため頑丈な鋼の体に変化した。,マッギョ
相手がしびれてくれないときは予想外のすばやさで体をくねらせ飛び跳ね逃げるのだ。,マッギョ
技を繰り出すスピードが自慢。たとえパワーは低くても手数の多さでカバーする。,コジョフー
山奥にこもり群れの仲間と修行に励む。群れによってキックやチョップの型が違う。,コジョフー
腕の体毛をムチのようにあつかう。両腕の攻撃は目にも止まらぬ速さ。,コジョンド
真の強敵と会うと身軽になるため両手の毛を噛み千切り捨ててしまう。,コジョンド
ドリュウズやイワークが掘った狭いトンネルを走りまわってするどいツメで獲物を捕らえる。,クリムガン
凶暴でずる賢い。ほかのポケモンが掘った巣穴を奪ってすみかにする。,クリムガン
粘土から生み出された古代のポケモン。なぜか大岩を並べ続けるものもいる。,ゴビット
古代の科学力によって粘土からつくられたポケモン。数千年動き続ける。,ゴビット
体内にエネルギーを生み出す永久機関があるというが未だに解明はされていない。,ゴルーグ
マッハのスピードで空を飛ぶ。胸の封印をはがすとエネルギーが暴走してしまう。,ゴルーグ
キリキザンの命令のままに敵を襲う。相手を切り裂くと両手の刃を打ち鳴らすぞ。,コマタナ
全身が刃物のポケモン。戦いで刃こぼれすると河原の石で刃をとぐ。,コマタナ
コマタナの群れを率いている。相手に止めを刺すときも一切表情を変えない。,キリキザン
刃を研ぐ石がある場所をめぐってオノンドと激しい争いを繰りひろげる。,キリキザン
頭突きだけで車を潰す。頭の毛が大きいほど群れでの地位が上がるのだ。,バッフロン
見境なく突進しておりかれらのテリトリーにはいると列車でも吹き飛ばされてしまう。,バッフロン
大きな相手に立ち向かうのは勇敢ではなく無謀だから。でもそうして鍛え強くなる。,ワシボン
強い脚力と丈夫なツメで硬いシェルダーのカラも砕いて中身をついばむ。,ワシボン
血の気が多く荒っぽいのでガラルの運び屋の座はアーマーガアに奪われた。,ウォーグル
勇猛で誇り高いポケモン。その雄姿を称えエンブレムのモチーフとして人気が高い。,ウォーグル
翼は小さくまだ飛べない。バルジーナが集めてきたガイコツでお尻を守っている。,バルチャイ
ぷよぷよのお尻を守るのは喰った獲物の骨。成長のたびはき替えるよ。,バルチャイ
大空を旋回しながら弱ったポケモンを狙っている。大好物はカラカラ。,バルジーナ
骨を拾い集めて巣作り。弱った獲物を脚でつかみ骨の巣まで軽々と運ぶ。,バルジーナ
炎をベロのように使う。アイアントの硬い外骨格をじわじわと溶かしいただくのだ。,クイタラン
高温で燃える炎の舌でアイアントの鋼の体を溶かして中身をいただくのだ。,クイタラン
天敵のクイタランに対してみんなで役割分担しながら反撃して巣から追い払う。,アイアント
巣の奥深くにタマゴを産む。クイタランに襲われると大きな顎で噛みついて反撃。,アイアント
とりあえずまず噛みついてみる習性。美味しかったものはにおいをちゃんと憶えるという。,モノズ
目が見えないので手あたりしだい噛みついて自分のまわりの状況を把握している。,モノズ
縄張りを歩きまわってエサを探す。2つの頭はどちらに進むかよくもめる。,ジヘッド
縄張りのエサを食べつくすとほかの土地へ移動する。2つの頭は仲が悪い。,ジヘッド
6枚の羽で空を飛び続け動くものを敵と思いこみ襲う凶暴なポケモン。,サザンドラ
動くものに反応して襲いかかり3つの頭で食らいつくす恐ろしいポケモン。,サザンドラ
全身がかなり温かい。ツノの先から炎を出し天敵や獲物を威嚇する。,メラルバ
5本のツノから炎を吹きだし相手と戦う。その温度は最大で3000度に達する。,メラルバ
炎の鱗粉を振りまきながら飛びまわる。古代の人々は太陽の怒りと呼び恐れた。,ウルガモス
燃え盛る炎の繭から生まれ寒さに苦しむ人やポケモンを救ったという伝説がある。,ウルガモス
鋼の心と体を持つ。人がポケモンを傷つけたとき仲間とともに人をこらしめた。,コバルオン
鋼の体と心を持つ。にらみつけるだけで凶暴なポケモンも従わせてしまう。,コバルオン
ポケモンを守るため人間に戦いを挑んだ伝説がイッシュ地方に残されている。,テラキオン
けた外れのパワーの持ち主。ちいさなポケモンをいじめる相手はとことん叩きのめす。,テラキオン
仲間を守るため人間に戦いを挑んだポケモン。伝説で語り継がれている。,ビリジオン
素早い身のこなしでつむじ風のように敵を翻弄し鋭いツノで容赦なく切り刻む。,ビリジオン
雲のようなエネルギー体に下半身が包まれている。時速300キロで空を飛ぶ。,トルネロス
四方八方を飛びまわる。このときにだす風は強すぎてどんなものでも吹き飛ばしてしまう。,トルネロス
大空を飛び回りながらあちこちに雷を落として山火事を起こすので嫌われる。,ボルトロス
尻尾のトゲから電撃を撃ち出す。イッシュ地方の空を飛び回り雷を落とす。,ボルトロス
炎で世界を燃やしつくせる伝説のポケモン。真実の世界を築く人を助ける。,レシラム
神話に登場するポケモン。しっぽから炎を吹き上げてすべての物を焼きつくす。,レシラム
尻尾で電気を作り出す。全身を雷雲に隠してイッシュ地方の空を飛ぶ。,ゼクロム
稲妻で世界を焼き尽くせる伝説のポケモン。理想の世界をつくる人を補佐する。,ゼクロム
尻尾から降り注ぐエネルギーが土の栄養分を増やすので作物が大きく育つのだ。,ランドロス
風や雷を取りこみ変えたエネルギーが土に栄養を与えて大地を豊かにする。,ランドロス
細胞組織を安定させるため自分で発生させた冷気で体を凍りつかせているらしい。,キュレム
極低温の冷気を作る力を持っているが自分の体を凍らせてしまっている。,キュレム
海や川など水面を走り世界中を駆け巡る。美しい水辺に現れる。,ケルディオ
コバルオンテラキオンビリジオンに戦いを学んだ。世界を駆け巡り修行を続ける。,ケルディオ
プラズマ団によって改造された古代のむしポケモン。背中の大砲がパワーアップした。,ゲノセクト
3億年前にいたポケモン。プラズマ団に改造され背中に砲台をつけられた。,ゲノセクト
耳で穴を掘るのが得意。地下10メートルにとどく巣穴を一晩でつくってしまう。,ホルビー
シャベルのような耳を持つ。穴掘りで鍛えた耳は太い根っこを断ち切る威力だ。,ホルビー
お腹の体毛は保温性に優れる。昔の人は抜けた体毛で防寒着をつくった。,ホルード
ショベルカーに負けないパワーで硬い岩盤も掘り進む。トンネル工事で大活躍。,ホルード
人懐っこいポケモンだけど無理やり触ると身体を一気に発熱させるので火傷するぞ。,ヤヤコマ
さえずる声は美しいが縄張りに入った相手は容赦しない荒々しさだ。,ヤヤコマ
お腹の炎袋の火力が強まるほど速く飛べるが点火するまで時間がかかる。,ヒノヤコマ
飛びはじめた直後のスピードはすべてのとりポケモンの中でもトップクラスの速さなのだ。,ヒノヤコマ
鳥ポケモンがおもな獲物。羽毛のあいだから火の粉を噴き出し相手を威嚇する。,ファイアロー
羽のすき間から火の粉を吹きだしながら時速500キロで獲物に向かって一直線。,ファイアロー
強くなるため群れを離れて1匹で生活するようになる。血気盛んでケンカっ早い。,シシコ
強い相手に相手に立ち向かう時ほどたてがみが高温になり全身に力がみなぎるのだ。,シシコ
オスは普段だらだらしているが強敵が襲ってくるとわが身をかえりみず仲間を守るぞ。,カエンジシ
摂氏6000度の息を吐くが獲物には使わない。肉は生のほうが好みだから。,カエンジシ
頭の冠は花の花粉を集めて作ったもの。癒しの効果が秘められている。,フラベベ
気に入った花を見つけると一生その花と暮らす。風に乗って気ままに漂う。,フラベベ
手入れの行き届いた花壇の花が咲くと姿を現してかれんなダンスで祝福する。,フラエッテ
"花を育て自分の武器として利用。美しく咲いた花ほど強力なパワーを秘めている。
えいえんのはな
もっているはなはいまはどこにもさいていない。そしておそろしいちからをひめているとおもわれる。
持っている花は今はどこにも咲いていない。そして恐ろしい力を秘めていると思われる。",フラエッテ
数百年の寿命を持つ。庭園を守り続けることにその一生をささげるという。,フラージェス
テリトリーは見事な花園。草花放つエネルギーを浴びて自分のパワーにするのだ。,フラージェス
咥えている葉っぱに意味はなくただのかっこつけ。やんちゃなので素人トレーナーには向かない。,ヤンチャム
ゴロンダのあとを子分のようについていく。大きな失敗をすると葉っぱを取られてしまう。,ヤンチャム
竹の葉っぱの揺れで敵の動きを読む。ケンカっ早いが仲間への情は厚い。,ゴロンダ
腕っ節が自慢のワイルドなポケモン。豪快な性質に惚れこむトレーナーも多い。,ゴロンダ
ボサボサの体毛を刈りこむと姿が美しくなるだけでなく身体のキレが良くなるのだ。,トリミアン
体毛をいかに美しくカットするか貴族たちの間で競われた時代があった。,トリミアン
プロレスラーを吹きとばすほどのサイコパワーを内に秘めているがコントロールできずに困っている。,ニャスパー
いつも無表情だがじつは強力なサイコパワーが漏れ出さないように必死なのだ。,ニャスパー
オスに比べてすこしわがままで攻撃的。機嫌を損ねるとサイコパワーで痛めつけられる。,ニャオニクス
耳の内側の目玉模様からサイコパワーを放つが普段はその力を隠している。,ニャオニクス
進化して双子になった。刃を擦り合わせて鳴らす金属音で相手を威嚇。,ニダンギル
2本の剣は攻撃と防御が目まぐるしく入れ替わる戦法で獲物をしとめる。,ニダンギル
体内のにおい袋でにおいをつくるポケモン。エサが変わるとつくられるにおいも変わる。,シュシュプ
人を魅了する香しいにおいを体から漂わせる。高貴な婦人たちに愛された。,シュシュプ
体毛から強烈なにおいをいつも出しているためパートナーは鼻が利かなくなってしまうのだ。,フレフワン
敵の戦う気持ちをなくす悪臭や味方を助ける香しい香りをつくりだす。,フレフワン
1日に食べる砂糖は自分の体重と同じ。糖分が足りないとひどく不機嫌になる。,ペロッパフ
ふわふわの体毛は綿飴のように甘いにおい。べたつく糸を出して敵を絡めとる。,ペロッパフ
体臭から心と体の調子を嗅ぎとる。医療への応用が期待されている。,ペロリーム
体毛にたくさん空気を含んでいるので触り心地は柔らかく見た目より軽い。,ペロリーム
光を点滅させて獲物をおびきよせると長い触手で絡めとり動きを封じるぞ。,マーイーカ
発光体の点滅を見つめた相手は目がくらみ戦う気持ちがなくなってしまうのだ。,マーイーカ
強力なさいみんじゅつを使う。それを利用し悪事を働く者は後を絶たない。,カラマネロ
胴体の模様を光らせてエモノを操りおびきよせる。ヒレ先は抜群の切れ味。,カラマネロ
2匹が海辺の手ごろな岩にくっついて暮らす。満潮時協力してエサを集める。,カメテテ
2匹の息が合わないと攻撃防御どちらもおろそかになり生き残れない。,カメテテ
7匹のカメテテが1匹分の体をつくっている。頭が手足に命令する仕組み。,ガメノデス
手のひらの目玉が前後左右を見張る。ピンチのときは手足が勝手に動いて敵を倒す。,ガメノデス
藻屑に紛れ大きなポケモンに襲われないようじっとしている。腐った海草が主なエサ。,クズモー
泳ぐのが下手なので藻屑に巻きついている。アローラ地方ではダダリンのそばでよく見つかる。,クズモー
タンカーの船体を腐らせる猛毒を縄張りに入り込んだものに見境なく吐きかける。,ドラミドロ
凶暴で寄ってきた相手に毒液を吹きかける。なぜだかダダリンとだけはとっても仲良し。,ドラミドロ
大きなハサミから圧縮した水をピストルのように撃ち出し飛んでいる獲物を撃ち落とす。,ウデッポウ
体内ガスの爆発で水をピストルのように発射する。至近距離なら岩を砕く。,ウデッポウ
右腕は海水の砲弾を発射する大砲。タンカーを沈めてしまうほどの威力だ。,ブロスター
水の砲弾を発射する巨大な腕を持つ。タンカーの船体を撃ち抜くぞ。,ブロスター
頭のひだを広げ太陽の光で発電するとパワフルな電気技を出せるようになる。,エリキテル
太陽発電の仕組みをもつ。発電をじゃまされるとストレスで弱ってしまう。,エリキテル
脚の筋肉を電気で刺激してすばやく動かすと水面も走れるんだ。エリマキを広げると一度に作れる電気の量も増えるんだよ。,エレザード
襟巻を広げて太陽光を浴びると大都会で使われる電気を1匹で発電する。,エレザード
わがままだが甘えん坊。じゃれてるだけでトレーナーに大けがを負わせてしまう。,チゴラス
化石から復活したポケモン。気に入らないことがあるとかんしゃくを起こして大暴れ。,チゴラス
分厚い鉄板を紙のようにかみちぎるおおあごで古代の世界では無敵を誇った。,ガチゴラス
約1億年前のポケモン。凶暴だが堂々としたふるまいは王者の風格。,ガチゴラス
全滅した古代のポケモン。氷漬けの状態で発見されることもあるぞ。,アマルス
1億年前から氷漬けになっていた体の一部から復活した古代のポケモン。,アマルス
ひし形の結晶で氷の壁を瞬間的に作り敵の攻撃を防ぐのだ。,アマルルガ
激しい怒りにかられると猛烈な冷気を噴き出してあたり一面を氷漬けにする。,アマルルガ
トレーナーの腕にリボン状の触角を巻きつけてくる。触れると気持ちがわかるからだ。,ニンフィア
リボンのような触角から敵意を削ぐ波動を放ち獲物を油断させ襲う。,ニンフィア
身軽さを活かした戦法で相手の体力を奪ってから華麗な大技を決める。,ルチャブル
翼を使い空中で姿勢をコントロール。防ぎにくい頭上から攻撃を仕掛ける。,ルチャブル
ヒゲがアンテナの役割。電波を送受信して遠くの仲間と連絡を取り合うのだ。,デデンネ
民家に忍びこみコンセントから電気を盗む。電気代がおかしいときはこいつの仕業。,デデンネ
高温高圧の地下深くで生まれる。宝石の部分からビームを放ち身を守るぞ。,メレシー
体に埋まっている宝石から高エネルギーのビームを放ち襲いかかる敵を一掃する。,メレシー
ヌメヌメの粘膜で身を守る。粘膜は雑菌まみれなので触ったらしっかり手を洗おう。,ヌメラ
一番弱いドラゴンポケモン。ヌメヌメの体が乾かないようジメジメした日陰で暮らす。,ヌメラ
4本のツノは高性能のレーダー。耳や鼻のかわりに音やにおいを感じ取る。,ヌメイル
背中の突起の中に小さな脳みそがある。エサと敵から逃げることしか考えていない。,ヌメイル
すごく人懐っこいポケモン。構わないでいると寂しくてヌルヌルの涙を流し鳴く。,ヌメルゴン
人懐っこいドラゴンポケモン。大好きなトレーナーに抱き着いて粘液でヌルヌルにしてしまう。,ヌメルゴン
気に入ったカギは絶対に手放さないので防犯のために金庫のカギを持たせるのだ。,クレッフィ
頭の角を金属のすき間に突っ込んで金属イオンを吸う。なぜかカギを集めている。,クレッフィ
緑の葉っぱを摘み取って煎じて飲めば万病に効くという言い伝えがある。,ボクレー
切り株に何かしらの魂が宿り生まれた。緑の葉を煮出した汁は万病に効く。,ボクレー
森の木を伐り倒す人間を食べると恐れられているが森で暮らすポケモンたちには優しい。,オーロット
根っこを神経のかわりにして森の木を操る。体に住み着いたポケモンには親切。,オーロット
かぼちゃの穴から照らしている光は見た人やポケモンを催眠状態にして操る。,バケッチャ
さまよう魂を成仏させるため死者の住む世界へ運んでいると言われている。,バケッチャ
小さい体のバケッチャが進化した姿。体の大きさは遺伝する。,パンプジン
大きい体のバケッチャが進化した姿。体の大きさは遺伝する。,パンプジン
体を覆う氷が敵の攻撃を防ぐ。割られても冷気ですぐに氷を張る。,カチコール
氷点下100度の冷気で空気中の水分を凍らせ氷の装甲で身を守る。,カチコール
日中の活動で体の亀裂は深くなるが一晩で亀裂のない体にもどる。,クレベース
何匹ものカチコールを背中に乗せて高緯度の冷たい海を氷山に紛れて泳ぐ。,クレベース
好物は果物。超音波をあててよく熟したものだけを選び出して食らうグルメなのだ。,オンバット
日が暮れるとすみかの洞窟を離れて飛びまわり完熟の果物を超音波で探す。,オンバット
耳から発する超音波で巨大な岩も粉砕する。暗闇に紛れて襲いかかる。,オンバーン
乱暴な性質だが好物の熟した果物をあげると手のひらを返したように懐く。,オンバーン
頭のツノが七色に輝くとき永遠の命を分け与えると言われている。,ゼルネアス
永遠の命を分け与えると言われている。樹木の姿で1000年眠り復活する。,ゼルネアス
生態系を監視していると考えられている。さらなる力を秘めているとのウワサ。,ジガルデ
生態系を脅かすものと戦うとき更に強力な姿に変化するといわれる。,ジガルデ
両手のすきまで空気中の炭素を圧縮してたくさんのダイヤを一瞬で生み出す。,ディアンシー
メレシーの突然変異。ピンク色に輝く体は世界一美しいと言われている。,ディアンシー
刃物のように鋭い羽を飛ばして攻撃。足の力も強くキックも侮れないのだ。,モクロー
一切音を立てず滑空し敵に急接近。気づかぬ間に強烈な蹴りを浴びせる。,モクロー
刃羽根と呼ばれるナイフのような羽根を立て続けに投げて敵の急所を確実につらぬく。,フクスロー
ナルシストで綺麗好き。マメにお手入れしてあげないということを聞かなくなることも。,フクスロー
翼に仕込まれた矢羽根を弓矢のようにつがえて放つ。狙った的は外さない。,ジュナイパー
わずか0．1秒でハネを番えて敵を撃つ。瞬きの間に勝負がついている。,ジュナイパー
暇さえあれば舐めて毛づくろい。お腹にたまった抜け毛に火をつけて炎技を放つ。,ニャビー
感情をださず独りでいることを好む。信頼を得るまでには時間がかかるぞ。,ニャビー
たてがみがピンと立っているときは調子が良い証拠。具合が悪いと毛が後ろに寝てしまう。,ニャヒート
首の付け根の炎袋は戦いになると火力が上がり鈴のような音を出す。,ニャヒート
闘争心に火がつくと腰のまわりにある炎もひと際激しく燃えあがる。,ガオガエン
粗暴で身勝手な性格。気分が乗らなければトレーナーの命令も平気で無視するぞ。,ガオガエン
弾力性のある水のバルーンに乗って大ジャンプ。アクロバティックに戦うぞ。,アシマリ
鼻で膨らませるバルーンは日々練習を重ねることで少しずつ大きくなっていく。,アシマリ
仲間を思う気持ちが強い。トレーナーが落ち込んでいるとダンスを踊って励まそうとする。,オシャマリ
波の穏やかな夜になるとリーダーのアシレーヌの歌声に合わせて仲間たちと踊る。,オシャマリ
歌姫の異名を持つ。月夜の晩に群れを率いて歌う姿は幻想的。,アシレーヌ
水のバルーンを歌で操る。そのメロディは仲間に学び代々群れに受け継がれていく。,アシレーヌ
秒間16連打で木を突き穴をほる。開けた穴は餌を仕舞う貯蔵庫や巣に使う。,ツツケラ
細く見えるが強靭な首の筋肉を持つ。秒間16連打で木を突きまくるぞ。,ツツケラ
クチバシに喰ったきのみのタネを溜め込む。敵や獲物に出会うと一気に発射する。,ケララッパ
クチバシの先端を反り返らせ100以上の鳴き声を自由に鳴きわけることができる。,ケララッパ
体内のガスをクチバシの中で爆発させ木のタネを発射。大岩も粉々にするパワー。,ドデカバシ
仲間とクチバシを叩き合わせてコミュニケーション。叩く強さや回数で気持ちを伝えあう。,ドデカバシ
獲物の痕跡をみつけると粘り強くその場に張り込むが日暮れにはうつらうつらしている。,デカグース
もともとアローラにはいなかったが昔コラッタが大量に発生したときに連れて来られた。,デカグース
とりポケモンに襲われないようでんきポケモンが棲む場所に集まっていることが多い。,アゴジムシ
大きな顎で森の地面を掘って巣穴をつくる。甘い樹液が大好物。,アゴジムシ
喰らった餌を消化するとき発生した電気エネルギーを電気袋に溜め込んでいる。,デンヂムシ
体内に蓄電機能を持つ。キャンプのときなど1匹いるととてもありがたいポケモンだ。,デンヂムシ
飛び回って隙をうかがう。電気エネルギーを大きなアゴで収束させ敵に発射。,クワガノン
お腹にある発電器官で電気を起こす。電撃ビームでとりポケモンも圧倒する。,クワガノン
なぐり過ぎでハサミはよくもげるがすぐに生える。ハサミの中味は少ないがコクがあってうまいぞ。,マケンカニ
ヤシの木と間違えてナッシーに登ることもある。怒りをかって振り落とされて踏みつけられる。,マケンカニ
とにかく見境なくなぐる。いざとなったらハサミを自切しロケットのように発射しなぐる。,ケケンカニ
ハサミの中に冷気を溜めてぶん殴る。分厚い氷の壁も粉々にしてしまうぞ。,ケケンカニ
花のミツや花粉が餌。オーラを感じる力を持ち咲きそうな花を見分けている。,アブリー
ベースキャンプの花が好きで花壇にいるところをよく見かけるね。オーラを感じ取って咲きそうな花を見分けるといわれているよ。,アブリー
花粉が湿るので雨が嫌い。雲行きが怪しくなると木のうろでじっとして動かなくなる。,アブリボン
湿度や風向きから天候を予測できる。晴天が続く時にしか姿を見せないのだ。,アブリボン
首の岩を地面に打ちつけ相手を威嚇。怯んだ瞬間に襲いかかるのだ。,イワンコ
よくなつくので初心者にお勧めのポケモンといわれるが育つと気性は荒くなる。,イワンコ
素早く動き敵を惑わす。ツメやキバのほかタテガミのとがった岩も武器のひとつ。,ルガルガン
敵が強いほど血がたかぶる。必殺の頭突きは巨大な大岩もこなごなに砕く。,ルガルガン
その姿にギャラドスも逃げ出す。力を合わせ撃つみずでっぽうはハイドロポンプをしのぐ威力。,ヨワシ
危険を感じると目が潤む。涙の光りがシグナルとなってたくさんの仲間が集まるのだ。,ヨワシ
棘に刺されるとまず痺れに襲われやがて掻きむしりたくなるほどの痒みに苦しむのだ。,ヒドイデ
海底や海岸をはいまわる。サニーゴの頭に生えるサンゴが大好物だぞ。,ヒドイデ
ガラル地方の冷たい水温に耐えるため脚でドームをつくり内部を体温で温める。,ドヒドイデ
12本の足で中身を守るドームを作る。潮の流れを受けないのでとても過ごしやすいぞ。,ドヒドイデ
土を食べてつくった泥を脚に塗りつけると悪路でも滑らず歩けるようになるのだ。,ドロバンコ
泥遊びが大好き。毎日泥を浴びないとストレスでいうことを聞かなくなってしまう。,ドロバンコ
口から吐く泥は固まると雨風にも強いので昔の家の壁にはよく塗られている。,バンバドロ
10トンを超える荷物を引いて不眠不休でガラル地方を縦断できる持久力。,バンバドロ
獲物や敵を見つけると頭に被った水泡を弾いて水をぶつけるぞ。,シズクモ
餌を求め地上にあがる。水泡を被るのは呼吸と柔らかい頭を守るため。,シズクモ
頭部の水泡でヘッドバット。小さなポケモンであればそのまま水泡に取り込まれ溺れ死ぬ。,オニシズクモ
普段は水の中で過ごす。満腹のとき仕留めた獲物は頭の水泡に仕舞っておく。,オニシズクモ
お日様の光が大好き。しっかり日光浴をすることで色鮮やかに育っていくのだ。,カリキリ
日が昇ると4枚の葉っぱを広げ日光浴。頭の先からいい匂いがするよ。,カリキリ
鎌状の花びらからビームを放つ。分厚い鉄板も真っ二つに切断する威力。,ラランテス
舞を舞うように敵を切り裂く。雅な姿からもっとも艶やかなくさポケモンと呼ばれる。,ラランテス
頭の傘はとても美味しい。森のポケモンたちに食べられるが一晩で再生する。,ネマシュ
薄暗く湿った場所が好き。夜になるとキノコのかさに詰まった胞子が発光する。,ネマシュ
点滅する胞子の光で獲物をおびき寄せて眠らせる。指先から生気を吸い取る。,マシェード
縄張りを巡りパラセクトと争いはじめるとあたり一面胞子まみれになってしまうぞ。,マシェード
オスはメスのほぼいいなり。獲ったエサもほとんど貢ぐので栄養不足で進化できない。,ヤトウモリ
毒袋でつくった体液をしっぽの炎で熱して毒ガスを発生させる仕組み。,ヤトウモリ
エサが獲れなかったヤトウモリを炎が噴き出す手のひらで激しくビンタしお仕置きする。,エンニュート
毒ガスには多くのフェロモンが含まれている。薄めることで官能的な香水ができる。,エンニュート
大木もへし折る力自慢。おしりの器官から匂いを出し仲間とコミュニケーションをとる。,ヌイコグマ
愛くるしい見た目だが怒ってジタバタする手足にぶつかるとプロレスラーでも吹っ飛ばされる。,ヌイコグマ
すさまじい怪力が自慢。アローラ地方でもっとも危険なポケモンと呼ぶ人も多い。,キテルグマ
仲間と抱きしめあうくせがある。その力で背骨を砕かれて世を去るトレーナーも多い。,キテルグマ
甘く美味しそうな匂いのせいでとりポケモンに狙われるがあまり賢くないので気にしていない。,アマカジ
体から漏れ出す果実の甘いにおいが鳥ポケモンの食欲を激しく刺激する。,アマカジ
飛び跳ねるように動きまわり頭のヘタを振りまわす。ぶつけられるとかなり痛いぞ。,アママイコ
身を守るためヘタが発達。かなりの硬さでとりポケモンに突かれても全然平気だ。,アママイコ
美脚のポケモンとして知られ美容クリニックなどの広告のマスコットになっている。,アマージョ
脚を活かした蹴りが得意。倒した相手を足蹴にして高笑いで勝利をアピール。,アマージョ
ツルを使って花を摘み自分を飾る。体についた花はなぜか枯れない。,キュワワー
栄養満点のツルに花をくっつける。花は活性化し香しいアロマが漂いだす。,キュワワー
葉っぱと体毛でつくった軍配を振ってポケモンたちを意のままに操ることができる。,ヤレユータン
非常に賢いことで知られる。未熟なトレーナーは見下すベテラン向けのポケモンだぞ。,ヤレユータン
ボスの指示に従い見事なチームプレイで好物の木の実を探して仲間同士助け合う。,ナゲツケサル
20匹ほどのグループで暮らす。決まった役割をこなすことで厳しい自然を生き抜いてきた。,ナゲツケサル
臆病でたくさんの足をばたつかせ必死に逃げまわる。逃げたあとはピカピカ綺麗。,コソクムシ
ビーチから海底まで色んな場所に棲む。腐った餌でも喜んで食べる自然の掃除屋。,コソクムシ
6本の腕で巧みに戦う。普段は深海の岩穴で瞑想するように静かに過ごす。,グソクムシャ
勝つためには手段を問わない。相手の隙をついて前脚の小さなツメでとどめを刺す。,グソクムシャ
砂山に死者の怨念が宿りポケモンになった。頭のスコップはお気に入り。,スナバァ
砂浜がおもな棲み処。口の中に手を入れた相手を操り自分を大きくする。,スナバァ
人を操り砂の山を砂の城まで進化させた。呪いの力もあがっている。,シロデスナ
ビーチに棲むが水が嫌い。激しい雨に打たれるとお城の形を保てない。,シロデスナ
ビーチなど浅い海に棲む。身体から体内器官をだして餌を捕ったり敵と戦う。,ナマコブシ
温かい浅瀬で暮らす。敵に出会うと体内器官を口から出して殴りつける。,ナマコブシ
ある任務のために開発されたポケモン兵器。実験中に暴走したため凍結された。,タイプ:ヌル
重い制御マスクをつけており本来の能力をだせない。特別な力を秘めている。,タイプ:ヌル
制御マスクを自ら破壊。特殊メモリを装備することでタイプを変えられるようになった。,シルヴァディ
覚醒した能力によって装備したメモリに合わせて<タイプ名>タイプに変化できる。,シルヴァディ
コアがむきだしのままだとじきに消滅。急いでボールに入れれば生きながらえるという。,メテノ
もともとオゾン層に棲んでおり身体の殻が重くなると地上に向かって落ちてくる。,メテノ
死ぬまでずっと眠ったままなのはエサの葉っぱに麻酔のような成分が含まれているからだ。,ネッコアラ
抱いた木は生まれたとき親から与えられたもの。よくなつけばトレーナーの腕にもしがみつく。,ネッコアラ
火山で暮らし食べた硫黄が甲羅の爆薬のもとになる。フンも爆発する危険物。,バクガメス
背中の甲羅は爆発物。うっかり殴れば大爆発。お腹の穴が弱点。,バクガメス
背中の長い毛で雷やでんきポケモンの電撃を受けて電気袋に充電する。,トゲデマル
14本の背中のハリの毛はびっくりしたり興奮することがあると勝手に逆立ってしまう。,トゲデマル
風が舞って偶然中身を見てしまったトレーナーはその日の晩に苦しみもがいて死んだ。,ミミッキュ
研究のためボロ布の中を見てしまった学者が謎の病気で命を落とした。,ミミッキュ
念力で獲物をしびれさせ丈夫な歯で嚙み砕く。シェルダーの殻でもよゆうだ。,ハギギシリ
頭の突起からサイコパワーを放つときとても耳障りな歯ぎしりの音があたりに響く。,ハギギシリ
標高3000メートルを超える山で暮らす。まれに街へやって来て子どもたちと遊ぶ。,ジジーロン
心優しい性質。だが一度怒りにかられると激しい息吹であたりを破壊し尽くす。,ジジーロン
鎖のような緑の藻屑は数百メートルものびる。クズモーとなぜか仲良し。,ダダリン
海底を漂う藻屑が沈没船の部品を取りこんでゴーストポケモンに生まれ変わった。,ダダリン
人気のない山に暮らす。ジャランコ同士戦いながら少しずつ成長していく。,ジャラコ
頭のウロコで岩や地面をバシバシ叩き相手を威嚇。音で仲間と連絡もとる。,ジャラコ
鱗はどんどん生え変わる。新しくなるたび鱗は硬く鋭くなっていく。,ジャランゴ
雄叫びとともに獲物に飛びかかる。ウロコのパンチは相手をズタズタに引き裂くぞ。,ジャランゴ
硬い鱗は攻防一体。かつては武器や日用品に加工されて使われた。,ジャラランガ
獲物を仕留めて遠吠えするとあちこちから仲間が祝福する金属音がこだまする。,ジャラランガ
目にも止まらぬスピードで敵をかく乱する。ひどく怒りっぽいがなんで怒ったかはすぐ忘れる。,カプ・コケコ
好奇心旺盛なメレメレの守り神。雷雲を呼び雷を身体に溜め込む。,カプ・コケコ
守り神と呼ばれるが無邪気で残酷な性質も併せ持つ自然の化身といえる存在。,カプ・テテフ
無邪気で残酷なアーカラの守り神。花の芳しい香りがエネルギーの源。,カプ・テテフ
守り神と呼ばれるが敵と見なした者は徹底的に叩き潰す激しさを持っている。,カプ・ブルル
シッポを鳴らし居場所を伝え無駄な争いを避ける。草木を操るウラウラの守り神。,カプ・ブルル
深い霧の奥に棲んでいると恐れ敬われてきた。水を操るポニの守り神だ。,カプ・レヒレ
水を操るポニの守り神。けがれを払う清らかな水を生みだすと伝えられている。,カプ・レヒレ
大昔は星の子という名で呼ばれた。別世界のポケモンといわれているが詳しくは不明。,コスモッグ
この世界のポケモンかは謎。ピンチになるとワープを使って安全な場所へ身を隠す。,コスモッグ
硬いカラの中で黒いコアになにかが集まり続けている。別世界のポケモンといわれる。,コスモウム
光を吸いながら成長を続けている。金色のカラは驚くほどに頑丈。,コスモウム
太陽を食らいし獣とかつて呼ばれた。無尽蔵の光エネルギーを放出する。,ソルガレオ
コスモッグが進化した♂だといわれる。第3の眼が浮かぶとき別世界へと駆け抜けていく。,ソルガレオ
月を誘いし獣という名前をもつ。あらゆる光をエネルギーに変えて生きている。,ルナアーラ
コスモッグが進化した♀だといわれる。第3の眼が浮かぶとき別世界へと飛び去っていく。,ルナアーラ
UBの一種。意思があるかは不明だが時折少女のような仕草をみせる。,ウツロイド
謎に包まれたUBの一種。町ゆく人が寄生され暴れだす姿が目撃された。,ウツロイド
この世界では異質で危険だが本来棲んでいる世界では普通に見かける生物らしい。,マッシブーン
別世界から現れたUB。自らの身体をみせつけてくるが自慢なのかいかくなのか不明。,マッシブーン
この世界では異質で危険だが本来棲んでいる世界では普通に見かける生物らしい。,フェローチェ
危険なUBの一種。凄まじい速度で大地を疾走する姿が目撃されている。,フェローチェ
全身から凄まじい電撃をほとばしらせる光景を目撃。謎の生物UBの一種だ。,デンジュモク
ウルトラビーストと呼ばれる。樹木のように地面に手足を刺したまま動かないものもいる。,デンジュモク
UBの一種。2本の腕からガスを噴きだし森を焼き払う姿が確認されている。,テッカグヤ
危険なUBの一種。巨大な両腕から高いエネルギー反応を検出。,テッカグヤ
巨大な鉄塔を一刀のもとに切り捨てる姿が目撃されたビーストの一種。,カミツルギ
ウルトラホールから現れたUB。自ら敵を襲わないようだが鋭い全身は凶器だ。,カミツルギ
UBと呼ばれる未知の生命。常に腹をすかせているのかずっとなにかを喰らっている。,アクジキング
山を喰らい削りビルを飲みこむ姿が報告された。ウルトラビーストの一種。,アクジキング
ソルガレオの光を喰らい続ける姿。敵にとびかかり背中と四肢のツメで相手を切り裂く。,ネクロズマ
ルナアーラにとりついた姿。狂暴になりすべてを敵とみなしてレーザーで焼きつくす。,ネクロズマ
およそ500年前科学者によって作られた。ソウルハートと呼ばれるパーツが本体なのだ。,マギアナ
意識を同調させて相手の気持ちを理解。人のお世話をするのに便利な能力。,マギアナ
人やポケモンの影の中に潜る。潜った相手の気持ちを理解して能力をコピーする。,マーシャドー
あらゆる影の中に潜りこむ能力をもっているため長いあいだ誰にも見つからなかった。,マーシャドー
異世界においては旅立ちのパートナーに選ばれるほど親しまれているウルトラビースト。,ベベノム
異世界に棲むウルトラビースト。頭の毒針から毒液を相手にかけてケラケラ笑う。,ベベノム
ウルトラビーストの一種。毒針から粘度が高く光る毒液を発射する。,アーゴヨン
体内に数百リットルの毒液をためている。UBと呼ばれる生物の一種。,アーゴヨン
UBらしき謎の生命体。突然動き出して襲ってきた石垣の正体はこいつだ。,ツンデツンデ
ウルトラホールから出現した。複数の生命が積み上がり1匹を形成しているようだ。,ツンデツンデ
クネクネ動いて人に近付くと突然頭を爆発させた。ウルトラビーストの一種らしい。,ズガドーン
ウルトラホールから現れたUB。爆発で相手を驚かしその隙に生気を奪っていた。,ズガドーン
両手足のツメを帯電させ相手を八つ裂き。かわされても飛び散る電撃で感電させる。,ゼラオラ
雷に匹敵するスピードで走り大電圧を発するツメで敵を八つ裂きにする。,ゼラオラ
金属を溶かして食べてしまう。液体金属を循環させて体内でエネルギーをつくる。,メルタン
お腹の穴から大電力のビームを発射して一撃で相手を蒸発させる。,メルメタル
寿命が尽きると体が錆びて崩れる。やがて小さな破片がメルタンに復活する。,メルメタル
スティックの連打で攻撃。すごいスピードで叩くうちにどんどんテンションが上がるのだ。,サルノリ
特別なスティックでリズムを刻むと草花を元気にするパワーが音波になって広がる。,サルノリ
激しいビートを刻むことに夢中になるあまり戦いで相手が気絶しても気づかない。,バチンキー
ドラムテクニックに優れたものがボスになる。穏やかな気性でグループの調和を重んじる。,ゴリランダー
特別な切り株のパワーをドラミングでコントロール。根っこを操って戦う。,ゴリランダー
戦う準備が整うと鼻の頭と足の裏の肉球が高熱を発する。,ヒバニー
走りまわって体温を上げると炎エネルギーが体を巡り本来の力を発揮できる。,ヒバニー
手を使わずに木の枝から木の実を摘み取りリフティング。足技を磨く練習。,ラビフット
ふかふかの体毛で寒さに強くなりさらに高温の炎技を出せるようになった。,ラビフット
小石をリフティングして炎のサッカーボールをつくる。するどいシュートで相手を燃やす。,エースバーン
キョダイマックスのパワーによって火炎のボールは直径100メートルを超えることもある。,エースバーン
怯えると玉ねぎ100個分の催涙成分をもつ涙を流してもらい泣きさせる。,メッソン
皮膚の色は濡れると変わる。カモフラージュされたかのように姿が見えなくなるのだ。,メッソン
手のひらから出る水分を丸めてつくった水の玉を使い頭脳戦を繰り広げる。,ジメレオン
頭がよく面倒くさがり。縄張りに敵が近づかないようそこかしこに罠を仕掛けている。,ジメレオン
狙撃の腕前は抜群。15キロ先に転がる木の実を撃ち抜くのも朝飯前だ。,インテレオン
水鉄砲の速度はマッハ7。頭のとさかで風や気温を感知しながら狙いを定める。,インテレオン
つねに木の実を食っているので見かけ以上にタフ。木の実を狙って畑に現れる。,ホシガリス
ガラルのいたるところにいる。左右のほっぺに木の実を蓄えていないと不安。,ホシガリス
しっぽに木の実を溜めこむ。溜めこみすぎてポロポロこぼすが鈍いので気がつかない。,ヨクバリス
どんなに硬い木の実の殻も自慢の歯でボリボリ齧る。ガラルではよく見るポケモン。,ヨクバリス
どんな　強敵にも　挑みかかる　勇敢な　性質。　返り討ちに　遭いながらも　鍛えられていく。,ココガラ
小さい体で機敏に飛んで隙を突く戦法で体の大きな相手を手玉に取る。,ココガラ
厳しい戦いをくぐり抜けて相手の力量を正確に判断する力が身についた。,アオガラス
足で　小石を　つかんで　投げたり　ロープを　敵に　巻きつけるなど　道具を　あつかう　知恵を　もつ。,アオガラス
飛行能力に優れていてとても賢いためガラル地方で空のタクシーとして活躍。,アーマーガア
ガラル地方の空では敵なし。黒光りする鋼の姿は相手を威圧し恐れさせる。,アーマーガア
畑でよく見かけるポケモン。体に生えた毛でまわりで起きていることを感じとる。,サッチムシ
いつもせっせと情報を集めているので賢い。ただし力はいまいちだ。,サッチムシ
殻の中で成長中。サイコパワーで外の様子をうかがい進化に備えている。,レドームシ
ほぼ動かないが生きている。飲まず食わずで殻にこもるうち超能力に目覚めたらしい。,レドームシ
脳を中心に巨大化。圧倒的知能と膨大なサイコエネルギーをもっている。,イオルブ
サイコパワーを放ち周囲を調べている。観測範囲は周囲10キロにも達するぞ。,イオルブ
ほかのポケモンがみつけた餌を掠めて暮らしている。ふかふかの肉球は足音をたてない。,クスネ
用心深くずる賢い。エサを盗むとしっぽで足跡を消しながら逃げるのだ。,クスネ
身軽な体と鋭いツメでエサやタマゴを盗んでまわる。パルスワンが天敵。,フォクスライ
狙った獲物はこっそりマーキング。においを辿って油断したころ盗みに来るぞ。,フォクスライ
一本足を地面に刺して陽の光をたっぷり浴びると花びらが鮮やかに色づく。,ヒメンカ
そよ風でくるくる回りながら楽しそうに歌う愛らしさに魅せられ育てる人が多い。,ヒメンカ
頭の綿毛でつくった糸は光沢がありとても美しい。ガラル地方の名産品。,ワタシラガ
綿毛の種は栄養満点。風に乗せて飛ばして草木やポケモンたちを元気にさせる。,ワタシラガ
パーマのかかった体毛は高いクッション性がある。崖から落ちてもへっちゃら。,ウールー
立派に伸びたツノは異性にアピールするために生えている。武器として使うことはない。,バイウールー
弾力のある毛で織ったカーペットはトランポリンみたいで乗ればピョンピョン跳ねるのだ。,バイウールー
頭のツノは岩の硬さ。ツノで戦いひるんだ隙にパクリと噛みつき離さない。,カムカメ
目の前のものにすぐに噛みつく習性。生えかけの前歯が痒いので噛みついてしまうらしい。,カムカメ
首が伸び縮みする。離れたところから首を一気に伸ばし鋭いキバで敵をしとめる。,カジリガメ
キョダイマックスのパワーによって後ろ足で立ち上がった。敵にのしかかり大顎でしとめる。,カジリガメ
走るときにしっぽの根元から電気を生み出す。ガラルでは牧羊犬として人気。,ワンパチ
おやつに釣られて人の仕事を手伝う食いしん坊。パチパチと電気をまとってひた走る。,ワンパチ
電気をつくって脚に送り走りをアシスト。三日三晩休まず走れるのだ。,パルスワン
電気の力で脚力を増強。トップスピードは時速90キロを軽く超える。,パルスワン
およそ400年前に炭鉱で見つかった。体のほとんどが石炭と同じ成分。,タンドン
岩だらけの悪路をものともせず一輪車のように走りまわる。石炭を燃やして生きている。,タンドン
脚を高速で回転させて時速30キロで走る。摂氏1000度の炎を噴き出す。,トロッゴン
体内で石炭をつくりだす。昔のガラルでは落とした石炭を生活に利用した。,トロッゴン
かつて大寒波に襲われたとき巨大なストーブとなり多くの命を救ったといわれている。,セキタンザン
胴体は巨大なかまど。キョダイマックスパワーに煽られ2000度の炎が燃え盛る。,セキタンザン
生まれるとりんごに潜りこむ。中身を食べながら成長しりんごの味が進化を決める。,カジッチュ
一生りんごの中で暮らし天敵の鳥ポケモンに出会うとりんごの振りをして身を守る。,カジッチュ
すっぱいりんごを食べて進化。火傷するほど強酸性の液体を頬袋に溜める。,アップリュー
りんごの皮の翼で飛んで強酸性の唾液を飛ばす。りんごの形に変形する。,アップリュー
甘いりんごを食べて進化。体から甘いにおいをだして餌の虫ポケモンを引き寄せる。,タルップル
甘い蜜で体がおおわれ背中の皮はとくに甘く昔は子どものおやつだった。,タルップル
穴を掘りながら食べた砂を首の袋に溜めている。8キロもの砂が入るのだ。,スナヘビ
鼻の穴から砂を噴射。敵の目をくらました隙に地中に潜って身を隠す。,スナヘビ
体のまわりを高速で回転する砂は高層ビルも粉々になる破壊力。,サダイジャ
砂袋も超巨大に。体のまわりに渦巻く砂は100万トンを超える。,サダイジャ
喉に詰まらせたサシカマスをすこしの衝撃で勢いよく吐き出してしまうこともあるのだ。,ウッウ
食いしん坊でエサのサシカマスを丸飲みするがたまに間違えてほかのポケモンに食らいつく。,ウッウ
鋭く尖った顎が自慢。少しでも動くものを見つけると一直線に突撃する。,サシカマス
腹一杯で極端に動きが鈍ったところをウッウに丸飲みにされる。,サシカマス
槍のように尖った顎は鋼の硬さ。その身は驚くほど美味しいらしい。,カマスジョー
尾びれを回転させ一気に突撃。100ノットを超える速度で獲物をつらぬくぞ。,カマスジョー
毒素を化学変化させて電気を出す。電力は弱いがビリビリと痺れる。,エレズン
体内の毒袋に溜めた毒素を皮膚から分泌。触るとピリピリと痺れる。,エレズン
15000ボルトもの電気を発生させることができる。どんな相手も舐めている。,ストリンダー
毒が脳まで廻り暴走。暴れるたび毒の汗がほとばしり大地を汚す。,ストリンダー
発熱した体で獲物を締め上げる。こんがり焼けたらむしゃむしゃいただくのだ。,ヤクデ
体に溜めた可燃ガスで発熱。とくにお腹の黄色い部分が熱いのだ。,ヤクデ
攻撃的な性質。焼けた体も危険だが大きなキバも鋭いぞ。,マルヤクデ
キョダイマックスのパワーによって体温は摂氏1000度を超え熱波で相手を焼き焦がす。,マルヤクデ
3歳児くらいの賢さ。触手はよくちぎれるが再生するので気にしない。,タタッコ
餌を求め地上に上がる。好奇心旺盛で目にしたものはとりあえず触手で殴る。,タタッコ
全身が筋肉の塊。触手を使って繰りだす締め技の威力は凄まじい。,オトスパス
おのれの腕を試すべく陸に上がり対戦相手を探す。戦い終えると海に帰る。,オトスパス
残され冷めきった紅茶にさみしがりやな魂が宿りポケモンになったといわれている。,ヤバチャ
体の渦巻が弱点。かき混ぜられると形が崩れめまいを起こしてしまうのだ。,ヤバチャ
怒るとお茶の体を相手の口めがけて飛ばす。飲みこむとはげしい悪寒に襲われるぞ。,ポットデス
とても独特な味と香り。信頼するトレーナーにはすこしだけ味見をゆるしてくれる。,ポットデス
頭の突起で生物の気持ちを感じとる。穏やかなものにしか心を開かない。,ミブリム
人気のない場所が好き。強い感情を感じとると一目散に逃げ出してしまう。,ミブリム
強い感情をもつものはそれが誰であれ黙らせる。その手段はじつに乱暴。,テブリム
頭の房で相手を殴り黙らせる。プロボクサーさえ一発KOの破壊力。,テブリム
触手から稲妻のようなビームを降り注がせる。荒ぶる女神とも呼ばれる。,ブリムオン
50キロ先にいる生物の気持ちを読みとる。敵意を感じしだい攻撃を始める。,ブリムオン
人やポケモンが嫌がるときに発するマイナスエネルギーを鼻から吸いこみ元気になる。,ベロバー
民家に忍びこみ盗みを働きさらに悔しがる人のマイナスエネルギーもいただくのだ。,ベロバー
土下座して謝る振りをして槍のように尖った後ろ髪で突き刺してくる戦法を使う。,ギモー
悪知恵を使って夜の森に誘い込もうとする。農作物を育てる力をもつらしい。,ギモー
髪の毛は筋肉繊維のように働きほどけると触手の動きで相手を絡めとる。,オーロンゲ
髪の毛を全身に巻きつけると筋力がアップ。カイリキーをねじ伏せるパワーを発揮する。,オーロンゲ
凄まじい声量をもつ。シャウトとともに威嚇するさまはブロッキングと呼ばれている。,タチフサグマ
ケンカを繰り返し進化。腕をクロスし叫ぶ雄叫びはどんな相手も怯ませるぞ。,タチフサグマ
戦いに明け暮れて進化した結果伸ばすと短剣に変わる物騒なツメを手に入れた。,ニャイキング
頭の体毛が硬質化して鉄のヘルメットのようになった。とても好戦的な性質。,ニャイキング
魂を被う霊体の体には注意。触れると石のように動けなくなるぞ。,サニゴーン
霊力が高まり殻から解き放たれた。霊体で核の魂を守っている。,サニゴーン
硬いネギの葉で攻撃をいなし鋭い茎で反撃。ネギは武具であり食材。,ネギガナイト
歴戦を生き抜いたものがこの姿に進化する。ネギが枯れるとき戦場を去る。,ネギガナイト
タップダンスの達人。氷でできたステッキを振り軽やかなステップを披露する。,バリコオル
ユーモラスな動きでみんなの人気者。お腹の模様からサイコパワーを放出する。,バリコオル
強い呪いをこめて描かれた古代の絵がデスマスの魂を取り込み動きだした。,デスバーン
影のような体に触れてはいけない。絵に刻まれた恐ろしい記憶を見せられるぞ。,デスバーン
クリームでできた体をもつ。空気中の甘い香りの成分が集まって生まれた。,マホミル
進化の瞬間体の細胞が揺れ動くことで酸っぱいフレーバーになった。,マホイップ
クリームをつくる細胞が進化のときに揺らぎをうけてフレーバーが爽やかになった。,マホイップ
6匹で1匹のポケモン。隊列を組み替えながらチームワークで戦うのだ。,タイレーツ
ヘイチョーと呼ばれる1匹とヘイと呼ばれる5匹でひとつ。ヘイチョーの命令は絶対。,タイレーツ
棘の先から電気を放つ。鋭い歯で岩についた海藻をこそいで食べる。,バチンウニ
棘の1本1本に電気を蓄える。折れた棘でも3時間は放電を続けるぞ。,バチンウニ
地面に積もった雪を食べる。たくさん食べれば食べるほど背中の棘は立派に育つ。,ユキハミ
冷気の混ざった糸を吐く。糸で体を枝に巻きつけ氷柱の振りをして眠るのだ。,ユキハミ
野山を荒らすものには容赦しない。冷たいはねで飛びまわり吹雪を起こして懲らしめる。,モスノウ
はねの温度はマイナス180度。冷気を込めたりんぷんを雪のようにふりまき野山を飛ぶ。,モスノウ
大草原の中でたたずみ陽の傾きを眺めて暮らす。ダイナミックな蹴り技が得意。,イシヘンジン
1年に一度きまった日時にどこからともなく集まり輪になって並ぶ習性がある。,イシヘンジン
暑さに弱い顔をいつも氷で冷やしている。頭の毛を海にたらして餌を釣る。,コオリッポ
頭の毛は脳の表面につながっている。考えごとをすると冷気が発生する。,コオリッポ
高い知能をもつポケモン。仲間同士でツノを寄せあい情報交換をする。,イエッサン
感謝の気持ちを集めるため人やポケモンによくつくす。メスは子守りを得意とするよ。,イエッサン
頬袋の電気は悪タイプのエネルギーに変化。お腹がすきすぎてとっても狂暴。,モルペコ
どんなに食べてもすぐにお腹がすく。電気でローストしたタネを大切に持ち歩く。,モルペコ
力仕事ならお任せ。銅の体は雨で錆び鮮やかな緑に変わる。,ゾウドウ
5トンの荷物をもっても平気な力持ちポケモン。鼻を使って土を掘る。,ゾウドウ
キョダイマックスした巨大な鼻は巨大建造物も一撃で解体してしまう。,ダイオウドウ
鼻の中にみっちり詰まったエネルギーを噴射させると山が吹き飛び地形が変わる。,ダイオウドウ
しっぽのたくましい筋肉で発電する。下半身にくらべ上半身が小さすぎる。,パッチラゴン
古代ではたくましい下半身で無敵だったが餌の植物を食べつくしてしまい絶滅した。,パッチラゴン
氷漬けの上半身が震えると電気がつくられる。歩くことが非常に苦手。,パッチルドン
古代の海辺で暮らし餌を体の氷で保存できたが動きが鈍いため絶滅した。,パッチルドン
ずば抜けた脚力と顎の力で古代では無敵だったが獲物を獲り尽くし絶滅した。,ウオノラゴン
時速60キロを超える自慢の脚力で走れるが水中でしか呼吸できない。,ウオノラゴン
どんな攻撃にも傷つかない面の皮をもつが呼吸が不自由だったため絶滅した。,ウオチルドン
周囲を凍りつかせて獲物を捕まえるが口が頭の上にあるので食べづらい。,ウオチルドン
摩天楼のごとく巨大化。あふれるエネルギーで体の一部が発光している。,ジュラルドン
特殊な金属の体は軽く身のこなしは抜群。雨が苦手で洞窟に棲む。,ジュラルドン
古代の海で暮らしていた。ゴーストポケモンとしてよみがえりかつてのすみかをさまよっている。,ドラメシヤ
1匹では子どもにも負けるくらい非力だが仲間の協力で鍛えられ進化して強くなる。,ドラメシヤ
世話をするドラメシヤを頭に乗せていないと落ち着かないのでほかのポケモンを乗せようとする。,ドロンチ
飛行速度は時速200キロ。ドラメシヤといっしょに戦い無事に進化するまで世話をする。,ドロンチ
ツノの穴にドラメシヤを入れて暮らす。戦いになるとマッハのスピードでドラメシヤを飛ばす。,ドラパルト
ツノに入ったドラメシヤはマッハのスピードで飛ばされるのを心待ちにしているらしい。,ドラパルト
巨大化したコアから無限のパワーが放出されているためまわりの時空を歪めている。,ムゲンダイナ
2万年前に落ちた隕石の中にいた。ダイマックスの謎に関係しているらしい。,ムゲンダイナ
厳しい鍛錬を積み技を磨く。体得した技によって進化したときの姿が変わる。,ダクマ
頭の白く長い体毛を引っぱると気合が高まり丹田からパワーが湧きあがる。,ダクマ
赤ん坊のころから育てている人間の拾い子を想う気持ちが特別な力となる。,ザルード
群れをつくり密林で暮らす。とても攻撃的で森にすむポケモンたちから恐れられている。,ザルード
電気エネルギーの塊。体のリングを外すと秘めた力が解き放たれるらしい。,レジエレキ
全身が電気エネルギーを作る器官。ガラル全土の電気を作りだすことができる。,レジエレキ
全身がドラゴンエネルギーの結晶。すべてのドラゴンポケモンの力を持つらしい。,レジドラゴ
腕の形は古代のドラゴンポケモンの頭という学説もあるが証明されていない。,レジドラゴ
蹄から強力な冷気を放つ。欲しいものはなんでも力尽くで奪う暴れん坊。,ブリザポス
凄まじい怪力の持ち主。顔を覆う氷のマスクはダイヤモンドの100倍硬い。,ブリザポス
闇夜を駆けぬけ寝ているものの生命エネルギーを吸い取る。孤独と静寂を好む。,レイスポス
視覚以外の五感を使い様子を探る。蹴られたものは魂を抜かれてしまうという。,レイスポス
道を阻むものには容赦しないが戦いのあとは敵の傷でもかまわず癒したという。,バドレックス
大昔のガラルを統べていた伝説の王。心を癒し草木を芽吹かせる力がある。,バドレックス
